項目名,トンネル番号,,,,
適用,高速票,,,,
説明,交通事故がトンネル内で発生した場合、そのトンネルの固有番号をいう。,,,,
,,,,,
コード（都道府県）,コード（路線）,コード（トンネル番号）,トンネル名,,
10,4001,007,ポロト,,
10,4001,009,白老,,
10,4001,011,虎杖浜,,
10,4001,013,幌別,,
10,4001,025,鷲別,,
10,4001,027,天神,,
10,4001,029,神代,,
10,4001,031,洞爺,,
10,4001,033,青葉,,
10,4001,035,虻田,,
10,4001,037,清水,,
10,4001,039,東雲,,
10,4001,041,豊浦,,
10,4001,043,高岡,,
10,4001,045,金山,,
10,4002,008,ポロト,,
10,4002,010,白老,,
10,4002,012,虎杖浜,,
10,4002,014,幌別,,
10,4002,025,鷲別,,
10,4002,027,天神,,
10,4002,029,神代,,
10,4002,031,洞爺,,
10,4002,033,青葉,,
10,4002,035,虻田,,
10,4002,037,清水,,
10,4002,039,東雲,,
10,4002,041,豊浦,,
10,4002,043,高岡,,
10,4002,045,金山,,
10,4003,015,光珠内,,
10,4003,017,美唄,,
10,4004,016,光珠内,,
10,4004,018,美唄,,
10,4011,001,若竹,,
10,4011,003,朝里,,
10,4011,005,張碓,,
10,4012,002,若竹,,
10,4012,004,朝里,,
10,4012,006,張碓,,
10,4013,047,栗山,,
10,4013,049,夕張,,
10,4013,075,久留喜,,
10,4013,077,楓,,
10,4013,079,大夕張,,
10,4013,081,長和,,
10,4013,083,穂別,,
10,4014,047,栗山,,
10,4014,049,夕張,,
10,4014,075,久留喜,,
10,4014,077,楓,,
10,4014,079,大夕張,,
10,4014,081,長和,,
10,4014,083,穂別,,
10,4017,155,新光,,
10,4017,157,天神第二,,
10,4017,159,天神第一,,
10,4017,161,天狗山,,
10,4017,163,小樽忍路,,
10,4017,165,船取山,,
10,4017,167,蘭島,,
10,4017,169,余市小樽,,
10,4018,155,新光,,
10,4018,157,天神第二,,
10,4018,159,天神第一,,
10,4018,161,天狗山,,
10,4018,163,小樽忍路,,
10,4018,165,船取山,,
10,4018,167,蘭島,,
10,4018,169,余市小樽,,
10,5001,151,豊郷,,
10,5001,153,厚賀,,
10,5002,152,豊郷,,
10,5002,154,厚賀,,
11,4001,045,金山,,
11,4001,091,八雲,,
11,4001,093,森,,
11,4001,095,鷲ノ木遺跡,,
11,4002,045,金山,,
11,4002,091,八雲,,
11,4002,093,森,,
11,4002,095,鷲ノ木遺跡,,
12,4003,019,常磐,,
12,4003,021,江丹別,,
12,4003,023,嵐山,,
12,4004,020,常磐,,
12,4004,022,江丹別,,
12,4004,024,嵐山,,
12,4013,053,第一狩勝,,
12,4013,055,第二狩勝,,
12,4013,059,東占冠,,
12,4013,061,滝の沢,,
12,4013,063,ホロカトマム,,
12,4013,065,下トマム,,
12,4013,083,穂別,,
12,4013,085,占冠,,
12,4013,087,タンネナイ,,
12,4013,089,占冠中央,,
12,4014,053,第一狩勝,,
12,4014,055,第二狩勝,,
12,4014,059,東占冠,,
12,4014,061,滝の沢,,
12,4014,063,ホロカトマム,,
12,4014,065,下トマム,,
12,4014,083,穂別,,
12,4014,085,占冠,,
12,4014,087,タンネナイ,,
12,4014,089,占冠中央,,
12,5003,097,幌糠,,
12,5003,099,藤山東,,
12,5003,101,藤山,,
12,5003,103,藤山西,,
12,5003,105,大和田,,
12,5003,171,留萌,,
12,5003,173,バンゴベ,,
12,5004,097,幌糠,,
12,5004,099,藤山東,,
12,5004,101,藤山,,
12,5004,103,藤山西,,
12,5004,105,大和田,,
12,5004,171,留萌,,
12,5004,173,バンゴベ,,
12,5007,051,愛別,,
12,5007,067,なかこし,,
12,5007,069,かみこし,,
12,5007,071,北大雪,,
12,5008,051,愛別,,
12,5008,067,なかこし,,
12,5008,069,かみこし,,
12,5008,071,北大雪,,
13,4013,055,第二狩勝,,
13,4013,057,広内,,
13,4013,107,炭山第１,,
13,4013,109,炭山第２,,
13,4013,111,新釧勝,,
13,4013,113,小音別,,
13,4013,115,衆音別,,
13,4013,117,軽満,,
13,4013,119,白涼,,
13,4013,121,カラ里,,
13,4013,123,カラマン,,
13,4013,125,カラマン別,,
13,4013,127,白音,,
13,4013,129,大曲,,
13,4013,141,縫別,,
13,4013,143,鍛高,,
13,4013,145,上庶路,,
13,4013,147,庶路,,
13,4013,149,阿寒,,
13,4014,055,第二狩勝,,
13,4014,057,広内,,
13,4014,107,炭山第１,,
13,4014,109,炭山第２,,
13,4014,111,新釧勝,,
13,4014,113,小音別,,
13,4014,115,衆音別,,
13,4014,117,軽満,,
13,4014,119,白涼,,
13,4014,121,カラ里,,
13,4014,123,カラマン,,
13,4014,125,カラマン別,,
13,4014,127,白音,,
13,4014,129,大曲,,
13,4014,141,縫別,,
13,4014,143,鍛高,,
13,4014,145,上庶路,,
13,4014,147,庶路,,
13,4014,149,阿寒,,
14,5007,071,北大雪,,
14,5007,073,白滝,,
14,5008,071,北大雪,,
14,5008,073,白滝,,
14,5011,131,第１南丘,,
14,5011,133,第２南丘,,
14,5011,135,北見ヶ丘,,
14,5011,137,寺の沢,,
14,5011,139,川東,,
14,5012,131,第１南丘,,
14,5012,133,第２南丘,,
14,5012,135,北見ヶ丘,,
14,5012,137,寺の沢,,
14,5012,139,川東,,
20,4101,002,坂梨,,
20,4101,004,碇ケ関,,
20,4101,006,大鰐,,
20,4102,001,坂梨,,
20,4102,003,碇ケ関,,
20,4102,005,大鰐,,
20,4105,007,岩渡,,
20,4105,009,稲山,,
20,4106,008,岩渡,,
20,4106,010,稲山,,
20,5020,012,是川,,
20,5021,011,是川,,
21,4101,101,一関,,
21,4101,102,平泉,,
21,4101,103,竜ケ森,,
21,4101,104,保土坂,,
21,4101,105,曲田,,
21,4101,106,梨木,,
21,4101,107,田山,,
21,4101,108,佐比内,,
21,4101,109,兄畑,,
21,4102,201,一関,,
21,4102,202,平泉,,
21,4102,203,竜ケ森,,
21,4102,204,保土坂,,
21,4102,205,曲田,,
21,4102,206,梨木,,
21,4102,207,田山,,
21,4102,208,佐比内,,
21,4102,209,兄畑,,
21,4103,310,一戸,,
21,4103,311,折爪,,
21,4104,410,一戸,,
21,4104,411,折爪,,
21,4111,510,山口,,
21,4111,511,和賀仙人,,
21,4111,512,大荒沢,,
21,4111,513,峠山,,
21,4111,514,鷲の巣,,
21,4111,515,湯田,,
21,4111,610,川尻,,
21,4112,510,山口,,
21,4112,511,和賀仙人,,
21,4112,512,大荒沢,,
21,4112,513,峠山,,
21,4112,514,鷲の巣,,
21,4112,515,湯田,,
21,4112,610,川尻,,
21,4113,710,赤部,,
21,4113,711,樺,,
21,4113,712,白土,,
21,4113,713,向落合,,
21,4113,714,遊井名田,,
21,4113,715,二郷山,,
21,4114,710,赤部,,
21,4114,711,樺,,
21,4114,712,白土,,
21,4114,713,向落合,,
21,4114,714,遊井名田,,
21,4114,715,二郷山,,
21,5010,716,鍋倉,,
21,5010,717,秋丸,,
21,5010,718,滝観洞,,
21,5010,719,新仙人,,
21,5010,720,甲子,,
21,5010,721,定内,,
21,5011,716,鍋倉,,
21,5011,717,秋丸,,
21,5011,718,滝観洞,,
21,5011,719,新仙人,,
21,5011,720,甲子,,
21,5011,721,定内,,
21,5020,802,気仙,,
21,5020,803,通岡,,
21,5020,804,笹崎,,
21,5020,805,明神前,,
21,5020,806,盛,,
21,5020,807,宇津の沢,,
21,5020,808,権現堂,,
21,5020,809,新三陸,,
21,5020,810,吉浜,,
21,5020,811,新鍬台,,
21,5020,812,荒川,,
21,5020,813,唐丹第１,,
21,5020,814,唐丹第２,,
21,5020,815,唐丹第３,,
21,5020,816,釜石,,
21,5020,817,八雲第１,,
21,5020,818,八雲第２,,
21,5020,819,八雲第３,,
21,5020,820,水海,,
21,5020,821,両石,,
21,5020,822,恋の峠,,
21,5020,823,鵜住居第１,,
21,5020,824,鵜住居第２,,
21,5020,825,小槌第１,,
21,5020,826,小槌第２,,
21,5020,827,大槌第１,,
21,5020,828,大槌第２,,
21,5020,829,船越,,
21,5020,830,山田,,
21,5020,831,間木戸,,
21,5020,832,田名部,,
21,5020,833,豊間根,,
21,5020,834,津軽石,,
21,5020,835,千徳,,
21,5020,836,山口第１,,
21,5020,837,山口第２,,
21,5020,838,崎山第１,,
21,5020,839,崎山第２,,
21,5020,840,樫内第１,,
21,5020,841,樫内第２,,
21,5020,842,田老第１,,
21,5020,843,田老第２,,
21,5020,844,田老第３,,
21,5020,845,田老第４,,
21,5020,846,田老第５,,
21,5020,847,重津部,,
21,5020,848,接待第１,,
21,5020,849,接待第２,,
21,5020,850,岩泉小本,,
21,5020,851,岩泉長内,,
21,5020,852,岩泉,,
21,5020,853,大牛内,,
21,5021,802,気仙,,
21,5021,803,通岡,,
21,5021,804,笹崎,,
21,5021,805,明神前,,
21,5021,806,盛,,
21,5021,807,宇津の沢,,
21,5021,808,権現堂,,
21,5021,809,新三陸,,
21,5021,810,吉浜,,
21,5021,811,新鍬台,,
21,5021,812,荒川,,
21,5021,813,唐丹第１,,
21,5021,814,唐丹第２,,
21,5021,815,唐丹第３,,
21,5021,816,釜石,,
21,5021,817,八雲第１,,
21,5021,818,八雲第２,,
21,5021,819,八雲第３,,
21,5021,820,水海,,
21,5021,821,両石,,
21,5021,822,恋の峠,,
21,5021,823,鵜住居第１,,
21,5021,824,鵜住居第２,,
21,5021,825,小槌第１,,
21,5021,826,小槌第２,,
21,5021,827,大槌第１,,
21,5021,828,大槌第２,,
21,5021,829,船越,,
21,5021,830,山田,,
21,5021,831,間木戸,,
21,5021,832,田名部,,
21,5021,833,豊間根,,
21,5021,834,津軽石,,
21,5021,835,千徳,,
21,5021,836,山口第１,,
21,5021,837,山口第２,,
21,5021,838,崎山第１,,
21,5021,839,崎山第２,,
21,5021,840,樫内第１,,
21,5021,841,樫内第２,,
21,5021,842,田老第１,,
21,5021,843,田老第２,,
21,5021,844,田老第３,,
21,5021,845,田老第４,,
21,5021,846,田老第５,,
21,5021,847,重津部,,
21,5021,848,接待第１,,
21,5021,849,接待第２,,
21,5021,850,岩泉小本,,
21,5021,851,岩泉長内,,
21,5021,852,岩泉,,
21,5021,853,大牛内,,
21,5050,901,磯鶏,,
21,5050,902,小山田,,
21,5050,903,松山,,
21,5050,904,田鎖,,
21,5051,901,磯鶏,,
21,5051,902,小山田,,
21,5051,903,松山,,
21,5051,904,田鎖,,
22,4115,002,星野城,,
22,4115,004,笹谷,,
22,4116,001,星野城,,
22,4116,003,笹谷,,
22,5003,006,立町,,
22,5003,008,川内,,
22,5003,010,青葉山,,
22,5004,005,立町,,
22,5004,007,川内,,
22,5004,009,青葉山,,
22,5007,011,鴇波,,
22,5007,012,登米志津川,,
22,5007,013,新井田１号,,
22,5007,014,新井田２号,,
22,5007,015,新井田３号,,
22,5007,016,清水,,
22,5007,019,霧立,,
22,5007,020,県境,,
22,5007,021,気仙沼１号,,
22,5007,022,大峠山,,
22,5007,023,気仙沼２号,,
22,5008,011,鴇波,,
22,5008,012,登米,,
22,5008,013,新井田１号,,
22,5008,014,新井田２号,,
22,5008,015,新井田３号,,
22,5008,016,清水,,
22,5008,019,霧立,,
22,5008,020,県境,,
22,5008,021,気仙沼１号,,
22,5008,022,大峠山,,
22,5008,023,気仙沼２号,,
22,5013,018,松ヶ房,,
22,5014,018,松ヶ房,,
23,4101,101,石通,,
23,4101,103,笹の渡,,
23,4101,105,五の宮,,
23,4101,107,亀田山,,
23,4101,109,坂梨,,
23,4102,102,石通,,
23,4102,104,笹の渡,,
23,4102,106,五の宮,,
23,4102,108,亀田山,,
23,4102,110,坂梨,,
23,4111,201,黒沢,,
23,4111,203,山内,,
23,4111,205,土渕,,
23,4111,207,大沢,,
23,4111,209,横手,,
23,4111,211,協和,,
23,4112,202,黒沢,,
23,4112,204,山内,,
23,4112,206,土渕,,
23,4112,208,大沢,,
23,4112,210,横手,,
23,4112,212,協和,,
23,4125,407,芦川,,
23,4125,409,二古,,
23,4125,411,道川,,
23,4125,413,板沢,,
23,4126,408,芦川,,
23,4126,410,二古,,
23,4126,412,道川,,
23,4126,414,板沢,,
23,4127,301,市野,,
23,4128,302,市野,,
23,4129,501,釈迦内,,
23,4129,503,大茂内第一,,
23,4129,505,大茂内第二,,
23,4129,507,雪沢第一,,
23,4129,509,雪沢第二,,
23,4130,502,釈迦内,,
23,4130,504,大茂内第一,,
23,4130,506,大茂内第二,,
23,4130,508,雪沢第一,,
23,4130,510,雪沢第二,,
23,5009,401,出戸,,
23,5009,403,西目,,
23,5009,405,孔雀館,,
23,5010,402,出戸,,
23,5010,404,西目,,
23,5010,406,孔雀館,,
23,5013,407,片山,,
23,5014,408,片山,,
24,4115,101,笹谷,,
24,4115,102,岩の沢,,
24,4115,103,新山,,
24,4115,104,宝沢,,
24,4115,105,白鬚,,
24,4115,106,唐松,,
24,4115,107,盃山,,
24,4115,108,双月,,
24,4115,109,山家,,
24,4115,110,高原,,
24,4115,111,青野,,
24,4115,112,平野山,,
24,4115,113,間沢,,
24,4115,114,綱取東,,
24,4115,115,綱取,,
24,4115,116,水沢,,
24,4115,117,風明山,,
24,4115,118,仁田山,,
24,4115,119,月山沢,,
24,4115,120,田麦俣,,
24,4115,121,下山,,
24,4115,122,三栗屋,,
24,4115,123,越中山,,
24,4115,124,立岩,,
24,4116,201,笹谷,,
24,4116,202,岩の沢,,
24,4116,203,新山,,
24,4116,204,宝沢,,
24,4116,205,白鬚,,
24,4116,206,唐松,,
24,4116,207,盃山,,
24,4116,208,双月,,
24,4116,209,山家,,
24,4116,210,高原,,
24,4116,211,青野,,
24,4116,212,平野山,,
24,4116,213,間沢,,
24,4116,214,綱取東,,
24,4116,215,綱取,,
24,4116,216,水沢,,
24,4116,217,風明山,,
24,4116,218,仁田山,,
24,4116,219,月山沢,,
24,4116,220,田麦俣,,
24,4116,221,下山,,
24,4116,222,三栗屋,,
24,4116,223,越中山,,
24,4116,224,立岩,,
24,4123,101,天魄山,,
24,4123,102,温海,,
24,4123,103,堅苔沢,,
24,4123,104,小波渡,,
24,4123,105,三瀬,,
24,4124,101,天魄山,,
24,4124,102,温海,,
24,4124,103,海苔沢,,
24,4124,104,小波渡,,
24,4124,105,三瀬,,
24,4141,024,栗子,,
24,4141,025,水窪第一,,
24,4141,026,水窪第二,,
24,4142,024,栗子トンネル,,
24,4142,025,水窪第一,,
24,4142,026,水窪第二,,
24,4143,040,赤湯,,
24,4143,041,高ツムジ山,,
24,4143,042,大洞,,
24,4143,043,中山,,
24,4143,044,にしごう,,
24,4143,045,三吉山,,
24,4143,046,山形蔵王,,
24,4143,047,村山トンネル,,
24,4144,040,赤湯,,
24,4144,041,高ツムジ山,,
24,4144,042,大洞,,
24,4144,043,中山,,
24,4144,044,にしごう,,
24,4144,045,三吉山,,
24,4144,046,山形蔵王,,
24,4144,047,村山トンネル,,
24,5403,030,舟形,,
24,5404,030,舟形,,
25,4101,001,福島,,
25,4102,002,福島,,
25,4117,001,高玉東,,
25,4117,003,高玉西,,
25,4117,005,新中山,,
25,4117,007,鞍手山,,
25,4117,009,関都,,
25,4117,011,七折,,
25,4117,013,束松,,
25,4117,015,鳥屋山,,
25,4117,017,西会津,,
25,4117,020,長坂,,
25,4117,022,龍ヶ嶽,,
25,4117,024,黒森山,,
25,4117,026,合戸,,
25,4117,028,渡戸,,
25,4117,030,風越,,
25,4118,002,高玉東,,
25,4118,004,高玉西,,
25,4118,006,新中山,,
25,4118,008,鞍手山,,
25,4118,010,関都,,
25,4118,011,七折,,
25,4118,013,束松,,
25,4118,015,鳥屋山,,
25,4118,017,西会津,,
25,4118,020,長坂,,
25,4118,022,龍ヶ嶽,,
25,4118,024,黒森山,,
25,4118,026,合戸,,
25,4118,028,渡戸,,
25,4118,030,風越,,
25,4141,017,大笹生,,
25,4141,018,沖根山,,
25,4141,019,新高平,,
25,4141,020,杉ノ平,,
25,4141,021,中野,,
25,4141,022,大滝,,
25,4141,023,栗子,,
25,4142,017,大笹生,,
25,4142,018,沖根山,,
25,4142,019,新高平,,
25,4142,020,杉ノ平,,
25,4142,021,中野,,
25,4142,022,大滝,,
25,4142,023,栗子,,
25,4211,001,好間,,
25,4211,003,大久,,
25,4211,005,原町,,
25,4212,001,好間,,
25,4212,003,大久,,
25,4212,005,原町,,
25,5001,001,川辺,,
25,5001,011,上蓬田,,
25,5001,013,雁股田,,
25,5001,015,こまち,,
25,5001,021,青井沢１号,,
25,5001,023,青井沢２号,,
25,5001,025,西山１号,,
25,5001,027,西山２号,,
25,5002,002,川辺,,
25,5002,012,上蓬田,,
25,5002,014,雁股田,,
25,5002,016,こまち,,
25,5002,022,青井沢１号,,
25,5002,024,青井沢２号,,
25,5002,026,西山１号,,
25,5002,028,西山２号,,
25,5003,001,塩手山,,
25,5003,002,円渕,,
25,5003,003,楢這,,
25,5003,004,萩平,,
25,5003,005,新玉野,,
25,5003,006,庄司渕,,
25,5003,007,腰巡,,
25,5003,008,金弁蔵,,
25,5003,009,宝直,,
25,5003,010,七ッ窪,,
25,5003,011,馬舘山,,
25,5003,012,境ノ目,,
25,5003,013,掛田,,
25,5003,014,柱田,,
25,5003,015,富沢,,
25,5003,016,上保原,,
25,5004,001,塩手山,,
25,5004,002,円渕,,
25,5004,003,楢這,,
25,5004,004,萩平,,
25,5004,005,新玉野,,
25,5004,006,庄司渕,,
25,5004,007,腰巡,,
25,5004,008,金弁蔵,,
25,5004,009,宝直,,
25,5004,010,七ッ窪,,
25,5004,011,馬舘山,,
25,5004,012,境ノ目,,
25,5004,013,掛田,,
25,5004,014,柱田,,
25,5004,015,富沢,,
25,5004,016,上保原,,
30,4261,300,烏山シェルタ,,
30,4261,500,小仏,,
30,4262,400,烏山シェルタ,,
30,4262,600,小仏,,
30,5003,001,霞ケ関,,
30,5003,003,飯倉,,
30,5003,005,汐留,,
30,5003,007,北の丸,,
30,5003,009,千代田,,
30,5004,002,霞ケ関,,
30,5004,004,飯倉,,
30,5004,006,汐留,,
30,5004,008,北の丸,,
30,5004,010,千代田,,
30,5005,101,羽田,,
30,5006,102,羽田,,
30,5011,301,青山,,
30,5012,302,青山,,
30,5013,011,千代田,,
30,5013,013,千代田,,
30,5013,401,赤坂,,
30,5013,403,信濃町,,
30,5014,012,千代田,,
30,5014,014,千代田,,
30,5014,402,赤坂,,
30,5014,404,信濃町,,
30,5027,100,東京港,,
30,5027,110,空港北,,
30,5027,115,空港南,,
30,5027,120,多摩川,,
30,5028,200,東京港,,
30,5028,210,空港北,,
30,5028,215,空港南,,
30,5028,220,多摩川,,
30,5029,017,飛鳥山,,
30,5029,019,山手,,
30,5030,018,飛鳥山,,
30,5030,020,山手,,
30,5035,701,青梅,,
30,5035,711,友田,,
30,5035,721,菅生,,
30,5035,731,川口,,
30,5035,741,天合峰,,
30,5035,751,恩方,,
30,5035,761,八王子城跡,,
30,5035,771,高尾山,,
30,5035,781,相模原八王子トンネル,,
30,5036,702,青梅,,
30,5036,712,友田,,
30,5036,722,菅生,,
30,5036,732,川口,,
30,5036,742,天合峰,,
30,5036,752,恩方,,
30,5036,762,八王子城跡,,
30,5036,772,高尾山,,
30,5036,782,相模原八王子トンネル,,
30,5039,015,八重州,,
30,5040,016,八重洲,,
40,4211,021,関本,,
40,4211,022,関南,,
40,4211,023,十王,,
40,4211,024,小木津,,
40,4211,025,鞍掛,,
40,4211,026,大雄院,,
40,4211,027,平沢,,
40,4211,028,助川,,
40,4211,029,成沢第二,,
40,4211,030,成沢第一,,
40,4211,031,諏訪第二,,
40,4211,032,諏訪第一,,
40,4211,033,大久保第三,,
40,4211,034,大久保第二,,
40,4211,035,大久保第一,,
40,4211,036,日立,,
40,4212,005,日立,,
40,4212,006,大久保第一,,
40,4212,007,大久保第二,,
40,4212,008,大久保第三,,
40,4212,009,諏訪第一,,
40,4212,010,諏訪第二,,
40,4212,011,成沢第一,,
40,4212,012,成沢第二,,
40,4212,013,助川,,
40,4212,014,平沢,,
40,4212,015,大雄院,,
40,4212,016,鞍掛,,
40,4212,017,小木津,,
40,4212,018,十王,,
40,4212,019,関南,,
40,4212,020,関本,,
40,4253,037,唐桶山,,
40,4253,039,岩瀬,,
40,4253,041,大政山,,
40,4254,038,唐桶山,,
40,4254,040,岩瀬,,
40,4254,042,大政山,,
41,4251,005,唐沢山城跡,,
41,4251,007,出流原,,
41,4251,009,塩坂峠,,
41,4251,011,北郷,,
41,4251,013,大岩,,
41,4251,015,五十部,,
41,4252,006,唐沢山城跡,,
41,4252,008,出流原,,
41,4252,010,塩坂峠,,
41,4252,012,北郷,,
41,4252,014,大岩,,
41,4252,016,五十部,,
41,4253,003,大政山,,
41,4254,004,大政山,,
41,5001,001,神主山,,
41,5001,002,鳴虫山,,
42,4201,111,長井坂,,
42,4201,112,淵尻,,
42,4201,113,川上,,
42,4201,114,関越,,
42,4202,211,長井坂,,
42,4202,212,淵尻,,
42,4202,213,川上,,
42,4202,214,関越,,
42,4203,311,富岡,,
42,4203,312,浅間山,,
42,4203,313,入山,,
42,4203,314,稲村山,,
42,4203,315,北野牧,,
42,4203,316,高岩山,,
42,4203,317,大山,,
42,4203,318,日暮山,,
42,4203,319,高立,,
42,4203,320,八風山,,
42,4204,411,富岡,,
42,4204,412,浅間山,,
42,4204,413,入山,,
42,4204,414,稲村山,,
42,4204,415,北野牧,,
42,4204,416,高岩山,,
42,4204,417,大山,,
42,4204,418,日暮山,,
42,4204,419,高立,,
42,4204,420,八風山,,
43,4107,101,南,,
43,4107,102,西大和,,
43,4107,103,和光,,
43,4107,104,新倉,,
43,4108,201,南,,
43,4108,202,西大和,,
43,4108,203,和光,,
43,4108,204,新倉,,
43,5019,151,新都心,,
43,5020,251,新都心,,
43,5033,301,入間西,,
43,5033,302,入間中,,
43,5033,303,入間東,,
43,5034,401,入間西,,
43,5034,402,入間中,,
43,5034,403,入間東,,
44,4211,937,伊勢原ＢＯＸ,,
44,4211,938,青田ＢＯＸ,,
44,4211,939,初石ＢＯＸ,,
44,4211,940,若葉台ＢＯＸ,,
44,4212,901,若葉台ＢＯＸ,,
44,4212,902,初石ＢＯＸ,,
44,4212,903,青田ＢＯＸ,,
44,4212,904,伊勢原ＢＯＸ,,
44,4233,010,天羽,,
44,4234,010,天羽,,
44,4237,201,矢切台,,
44,4237,202,小塚山,,
44,4237,203,菅野,,
44,4237,204,京葉第二,,
44,4237,205,京葉第一,,
44,4238,201,矢切台,,
44,4238,202,小塚山,,
44,4238,203,菅野,,
44,4238,204,京葉第二,,
44,4238,205,京葉第二,,
44,5001,001,貝塚,,
44,5002,002,貝塚,,
44,5007,101,東京湾アクア,,
44,5008,102,東京湾アクア,,
44,5011,020,竹岡第一,,
44,5011,022,竹岡第二,,
44,5011,024,金谷第一,,
44,5011,026,金谷第二,,
44,5011,028,鋸山,,
44,5011,030,元名,,
44,5011,032,保田,,
44,5011,034,大帷子,,
44,5011,036,吉浜,,
44,5011,038,大吉,,
44,5011,040,中佐久間,,
44,5011,042,下佐久間,,
44,5011,044,とみやま,,
44,5011,046,富浦,,
44,5011,048,枇杷山,,
44,5012,020,竹岡第一,,
44,5012,022,竹岡第二,,
44,5012,024,金谷第一,,
44,5012,026,金谷第二,,
44,5012,028,鋸山,,
44,5012,030,元名,,
44,5012,032,保田,,
44,5012,034,大帷子,,
44,5012,036,吉浜,,
44,5012,038,大吉,,
44,5012,040,中佐久間,,
44,5012,042,下佐久間,,
44,5012,044,とみやま,,
44,5012,046,富浦,,
44,5012,048,枇杷山,,
44,5015,050,養安寺,,
44,5015,052,山辺,,
44,5015,054,茂原第一,,
44,5015,056,茂原第二,,
44,5015,058,笠森鶴舞,,
44,5015,060,山口,,
44,5015,062,真里谷第一,,
44,5015,064,真里谷第二,,
44,5015,066,真里谷第三,,
44,5015,068,真里谷第四,,
44,5016,050,養安寺,,
44,5016,052,山辺,,
44,5016,054,茂原第一,,
44,5016,056,茂原第二,,
44,5016,058,笠森鶴舞,,
44,5016,060,山口,,
44,5016,062,真里谷第一,,
44,5016,064,真里谷第二,,
44,5016,066,真里谷第三,,
44,5016,068,真里谷第四,,
45,4261,150,小仏,,
45,4262,151,小仏,,
45,4271,104,大和,,
45,4271,106,北畑,,
45,4271,107,太郎ケ尾,,
45,4271,108,鳥手山,,
45,4271,109,新都夫良野,,
45,4271,110,新吾妻山,,
45,4272,100,都夫良野,,
45,4272,101,都夫良野,,
45,4272,102,吾妻山,,
45,4272,103,吾妻山,,
45,4272,105,大和,,
45,5003,200,桜木町,,
45,5003,202,花園,,
45,5004,201,桜木町,,
45,5004,203,花園,,
45,5007,500,多摩川,,
45,5007,502,川崎航路,,
45,5007,506,並木,,
45,5008,501,多摩川,,
45,5008,503,川崎航路,,
45,5008,507,並木,,
45,5009,204,横浜北トンネル,,
45,5010,205,横浜北トンネル,,
45,5011,206,横浜北西,,
45,5012,207,横浜北西,,
45,5030,300,三ツ沢,,
45,5030,302,南軽井沢,,
45,5031,301,三ツ沢,,
45,5031,303,南軽井沢,,
45,5102,400,円海山,,
45,5102,402,横浜第１,,
45,5102,404,横浜第２,,
45,5102,406,横浜第３,,
45,5102,408,六浦,,
45,5102,410,東逗子,,
45,5102,412,大山,,
45,5102,420,池田,,
45,5102,424,吉井,,
45,5103,401,円海山,,
45,5103,403,横浜第１,,
45,5103,405,横浜第２,,
45,5103,407,横浜第３,,
45,5103,409,六浦,,
45,5103,411,東逗子,,
45,5103,413,大山,,
45,5103,421,池田,,
45,5103,423,吉井,,
45,5104,414,能見堂,,
45,5104,415,長浜,,
45,5105,414,能見堂,,
45,5105,415,長浜,,
45,5201,504,東京湾アクア,,
45,5202,505,東京湾アクア,,
45,5203,416,塚山,,
45,5204,416,塚山,,
45,5205,417,衣笠城址,,
45,5205,418,衣笠太田和,,
45,5205,419,太田和公園,,
45,5206,417,衣笠城址,,
45,5206,418,衣笠太田和,,
45,5206,419,太田和公園,,
45,5207,422,大師,,
45,5208,422,大師,,
45,5209,600,上依知第一,,
45,5209,602,上依知第二,,
45,5209,604,愛川トンネル,,
45,5209,606,小倉山トンネル,,
45,5209,608,城山トンネル,,
45,5209,610,相模原八王子トンネル,,
45,5210,601,上依知第一,,
45,5210,603,上依知第二,,
45,5210,605,愛川トンネル,,
45,5210,607,小倉山トンネル,,
45,5210,609,城山トンネル,,
45,5210,611,相模原八王子トンネル,,
46,4117,301,黒森山,,
46,4117,303,小出,,
46,4117,305,焼山,,
46,4117,307,吉津,,
46,4117,309,西山,,
46,4117,311,長谷,,
46,4117,313,熊渡,,
46,4117,315,小松,,
46,4117,317,宝珠山,,
46,4118,302,黒森山,,
46,4118,304,小出,,
46,4118,306,焼山,,
46,4118,308,吉津,,
46,4118,310,西山,,
46,4118,312,長谷,,
46,4118,314,熊渡,,
46,4118,316,小松,,
46,4118,318,宝珠山,,
46,4121,501,山元,,
46,4122,502,山元,,
46,4201,101,関越,,
46,4201,103,石打,,
46,4201,105,六日町,,
46,4201,107,大浦,,
46,4201,109,小出,,
46,4201,111,湯之谷第一,,
46,4201,113,湯之谷第二,,
46,4201,115,湯之谷第三,,
46,4201,117,下倉,,
46,4201,119,越後川口,,
46,4201,121,山本山,,
46,4202,102,関越,,
46,4202,104,石打,,
46,4202,106,六日町,,
46,4202,108,大浦,,
46,4202,110,小出,,
46,4202,112,湯之谷第一,,
46,4202,114,湯之谷第二,,
46,4202,116,湯之谷第三,,
46,4202,118,下倉,,
46,4202,120,越後川口,,
46,4202,122,山本山,,
46,4203,401,天神堂,,
46,4203,403,観音平,,
46,4203,405,金谷山,,
46,4204,402,天神堂,,
46,4204,404,観音平,,
46,4204,406,金谷山,,
46,4301,201,市振,,
46,4301,203,親不知,,
46,4301,205,風波,,
46,4301,207,子不知,,
46,4301,209,寺地,,
46,4301,211,高畑,,
46,4301,213,岩木,,
46,4301,215,平牛,,
46,4301,217,金山,,
46,4301,219,高の峰,,
46,4301,221,鬼伏,,
46,4301,223,大平寺,,
46,4301,225,能生,,
46,4301,227,山王,,
46,4301,229,筒石,,
46,4301,231,徳合,,
46,4301,233,名立大町,,
46,4301,235,名立,,
46,4301,237,花立,,
46,4301,239,薬師,,
46,4301,241,正善寺,,
46,4301,243,春日山,,
46,4301,245,柿崎,,
46,4301,247,鉢崎,,
46,4301,249,米山,,
46,4301,251,川内,,
46,4301,253,柏崎,,
46,4301,255,新地蔵,,
46,4302,202,市振,,
46,4302,204,親不知,,
46,4302,206,風波,,
46,4302,208,子不知,,
46,4302,210,寺地,,
46,4302,212,高畑,,
46,4302,214,岩木,,
46,4302,216,平牛,,
46,4302,218,金山,,
46,4302,220,高の峰,,
46,4302,222,鬼伏,,
46,4302,224,大平寺,,
46,4302,226,能生,,
46,4302,228,山王,,
46,4302,230,筒石,,
46,4302,232,徳合,,
46,4302,234,名立大町,,
46,4302,236,名立,,
46,4302,238,花立,,
46,4302,240,薬師,,
46,4302,242,正善寺,,
46,4302,244,春日山,,
46,4302,246,柿崎,,
46,4302,248,鉢崎,,
46,4302,250,米山,,
46,4302,252,川内,,
46,4302,254,柏崎,,
46,4302,256,新地蔵,,
47,4261,001,新太田,,
47,4261,005,新中野,,
47,4261,006,新岩殿,,
47,4261,008,新浅利,,
47,4261,019,笹子,,
47,4261,022,谷後,,
47,4262,010,太田,,
47,4262,011,斧窪第一,,
47,4262,012,斧窪第二,,
47,4262,013,斧窪第三,,
47,4262,014,中野,,
47,4262,015,岩殿,,
47,4262,016,大月,,
47,4262,017,浅利,,
47,4262,020,笹子,,
47,4262,021,日影,,
47,4265,009,花咲,,
47,4266,018,花咲,,
47,4291,401,八之尻,,
47,4291,403,宮狩,,
47,4291,405,原,,
47,4291,407,鴨狩津向,,
47,4291,409,城山,,
47,4291,411,一色,,
47,4291,413,醍醐山,,
47,4291,415,上八木沢,,
47,4291,417,下八木沢第二,,
47,4291,419,下八木沢第一,,
47,4291,421,帯金第二,,
47,4291,423,帯金第一,,
47,4291,425,丸滝,,
47,4291,427,角打,,
47,4291,429,和田,,
47,4291,431,大島第二,,
47,4291,433,大島第一,,
47,4291,435,塩沢,,
47,4291,437,楮根第四,,
47,4291,439,楮根第三,,
47,4291,441,楮根第二,,
47,4291,443,楮根第一,,
47,4291,445,峯,,
47,4291,447,竹之沢,,
47,4291,449,森山,,
47,4291,451,石合,,
47,4291,453,樽峠,,
47,4292,402,八之尻,,
47,4292,404,宮狩,,
47,4292,406,原,,
47,4292,408,鴨狩津向,,
47,4292,410,城山,,
47,4292,412,一色,,
47,4292,414,醍醐山,,
47,4292,416,上八木沢,,
47,4292,418,下八木沢第二,,
47,4292,420,下八木沢第一,,
47,4292,422,帯金第二,,
47,4292,424,帯金第一,,
47,4292,426,丸滝,,
47,4292,428,角打,,
47,4292,430,和田,,
47,4292,432,大島第二,,
47,4292,434,大島第一,,
47,4292,436,塩沢,,
47,4292,438,楮根第四,,
47,4292,440,楮根第三,,
47,4292,442,楮根第二,,
47,4292,444,楮根第一,,
47,4292,446,峯,,
47,4292,448,竹之沢,,
47,4292,450,森山,,
47,4292,452,石合,,
47,4292,454,樽峠,,
47,5001,501,籠坂,,
47,5002,501,籠坂,,
48,4202,360,永江第二,,
48,4203,320,八風山,,
48,4203,322,閼加流山,,
48,4203,324,小諸,,
48,4203,326,大久保,,
48,4203,328,山口,,
48,4203,330,薬師山,,
48,4203,332,東寺尾,,
48,4203,334,大室第一,,
48,4203,336,大室第二,,
48,4203,338,綿内,,
48,4203,340,太郎山,,
48,4203,342,片山,,
48,4203,344,五里ケ峰,,
48,4203,346,森,,
48,4203,348,有明山,,
48,4203,350,上今井,,
48,4203,352,熊坂,,
48,4203,354,永江,,
48,4203,356,さみず,,
48,4203,358,薬師岳,,
48,4204,321,八風山,,
48,4204,323,閼加流山,,
48,4204,325,小諸,,
48,4204,327,大久保,,
48,4204,329,山口,,
48,4204,331,薬師山,,
48,4204,333,東寺尾,,
48,4204,335,大室第一,,
48,4204,337,大室第二,,
48,4204,339,綿内,,
48,4204,341,太郎山,,
48,4204,343,片山,,
48,4204,345,五里ケ峰,,
48,4204,347,森,,
48,4204,349,有明山,,
48,4204,351,上今井,,
48,4204,353,熊坂,,
48,4204,355,永江第一,,
48,4204,357,さみず,,
48,4204,359,薬師岳,,
48,4261,101,葛窪,,
48,4261,103,有賀,,
48,4261,105,花岡,,
48,4261,107,辰野,,
48,4261,109,網掛,,
48,4261,111,恵那山,,
48,4262,102,葛窪,,
48,4262,104,有賀,,
48,4262,106,花岡,,
48,4262,108,辰野,,
48,4262,110,網掛,,
48,4262,112,恵那山,,
48,4267,201,岡谷,,
48,4267,203,塩嶺,,
48,4267,205,明科,,
48,4267,207,立峠,,
48,4267,209,麻積,,
48,4267,211,一本松,,
48,4267,213,芝山,,
48,4267,215,八幡,,
48,4267,217,小坂,,
48,4267,219,稲荷山,,
48,4267,221,長谷,,
48,4268,202,岡谷,,
48,4268,204,塩嶺,,
48,4268,206,明科,,
48,4268,208,立峠,,
48,4268,210,麻積,,
48,4268,212,一本松,,
48,4268,214,芝山,,
48,4268,216,八幡,,
48,4268,218,小坂,,
48,4268,220,稲荷山,,
48,4268,222,長谷,,
48,4293,401,臼田,,
48,4294,402,臼田,,
48,5001,101,川路,,
48,5002,102,川路,,
49,4271,101,蒲原,,
49,4271,102,薩た,,
49,4271,103,興津,,
49,4271,104,清見寺,,
49,4271,105,袖師,,
49,4271,106,小坂,,
49,4271,107,日本坂,,
49,4271,108,三ケ日,,
49,4271,109,宇利,,
49,4271,110,白旗,,
49,4271,111,所領,,
49,4271,112,高尾,,
49,4271,113,桜平,,
49,4271,114,日本坂,,
49,4272,201,蒲原,,
49,4272,202,薩た,,
49,4272,203,興津,,
49,4272,204,清見寺,,
49,4272,205,袖師,,
49,4272,206,小坂,,
49,4272,207,日本坂,,
49,4272,208,三ケ日,,
49,4272,209,宇利,,
49,4272,210,日本坂,,
49,4281,301,今里,,
49,4281,302,葛山,,
49,4281,303,千福,,
49,4281,304,桃園,,
49,4281,305,富沢,,
49,4281,306,沼津,,
49,4281,307,富士宮,,
49,4281,308,明星山,,
49,4281,309,富士川,,
49,4281,310,小河内,,
49,4281,311,清池,,
49,4281,312,和田島,,
49,4281,313,伊佐布,,
49,4281,314,北沼上,,
49,4281,315,内牧,,
49,4281,316,羽島,,
49,4281,317,新間第一,,
49,4281,318,新間第二,,
49,4281,319,谷津,,
49,4281,320,岡部,,
49,4281,321,助宗,,
49,4281,322,寺島,,
49,4281,323,大草,,
49,4281,324,尾川第一,,
49,4281,325,尾川第二,,
49,4281,326,矢倉山,,
49,4281,327,粟ヶ岳,,
49,4281,328,倉真,,
49,4281,329,西郷,,
49,4281,330,大和田,,
49,4281,331,平島,,
49,4281,332,三岳山,,
49,4281,333,引佐,,
49,4281,334,富幕山,,
49,4281,335,奥山,,
49,4282,401,今里,,
49,4282,402,葛山,,
49,4282,403,千福,,
49,4282,404,桃園,,
49,4282,405,富沢,,
49,4282,406,沼津,,
49,4282,407,富士宮,,
49,4282,408,明星山,,
49,4282,409,富士川,,
49,4282,410,小河内,,
49,4282,411,清池,,
49,4282,412,和田島,,
49,4282,413,伊佐布,,
49,4282,414,北沼上,,
49,4282,415,内牧,,
49,4282,416,羽島,,
49,4282,417,新間第一,,
49,4282,418,新間第二,,
49,4282,419,谷津,,
49,4282,420,岡部,,
49,4282,421,助宗,,
49,4282,422,寺島,,
49,4282,423,大草,,
49,4282,424,尾川第一,,
49,4282,425,尾川第二,,
49,4282,426,矢倉山,,
49,4282,427,粟ヶ岳,,
49,4282,428,倉真,,
49,4282,429,西郷,,
49,4282,430,平島,,
49,4282,431,三岳山,,
49,4282,432,引佐,,
49,4282,433,富幕山,,
49,4282,434,奥山,,
49,4291,453,樽峠,,
49,4291,455,湯沢,,
49,4291,457,葛沢,,
49,4291,459,両河内,,
49,4292,454,樽峠,,
49,4292,456,湯沢,,
49,4292,458,葛沢,,
49,4292,460,両河内,,
49,5001,501,籠坂,,
49,5002,501,籠坂,,
49,5007,502,あさはた,,
49,5008,502,あさはた,,
49,5011,503,別所,,
49,5011,504,渋川,,
49,5011,505,三遠,,
49,5012,503,別所,,
49,5012,504,渋川,,
49,5012,505,三遠,,
50,4301,502,高窪,,
50,4301,504,湯上,,
50,4301,506,泊,,
50,4301,508,城山,,
50,4301,510,宮崎,,
50,4301,512,境,,
50,4302,501,高窪,,
50,4302,503,湯上,,
50,4302,505,泊,,
50,4302,507,城山,,
50,4302,509,宮崎,,
50,4302,511,境,,
50,4401,556,袴腰,,
50,4401,558,城端,,
50,4401,560,真木,,
50,4401,562,楮成出,,
50,4402,555,袴腰,,
50,4402,557,城端,,
50,4402,559,真木,,
50,4402,561,楮成出,,
50,5001,601,高岡五十里,,
50,5001,603,海老坂,,
50,5001,605,神代,,
50,5001,607,正保寺,,
50,5001,609,中尾山,,
50,5001,611,恵比寿山,,
50,5001,613,日の丸山,,
50,5001,615,指崎,,
50,5001,617,北八代,,
50,5001,619,薮田宇波,,
50,5001,621,宇奈比,,
50,5001,623,姿,,
50,5001,625,旅木,,
50,5001,627,中田,,
50,5001,629,中波,,
50,5002,602,高岡五十里,,
50,5002,604,海老坂,,
50,5002,606,神代,,
50,5002,608,正保寺,,
50,5002,610,中尾山,,
50,5002,612,恵比寿山,,
50,5002,614,日の丸山,,
50,5002,616,指崎,,
50,5002,618,北八代,,
50,5002,620,薮田宇波,,
50,5002,622,宇奈比,,
50,5002,624,姿,,
50,5002,626,旅木,,
50,5002,628,中田,,
50,5002,630,中波,,
51,4301,001,清水谷第一,,
51,4301,002,清水谷第二,,
51,4301,003,高窪,,
51,4302,004,清水谷第一,,
51,4302,005,清水谷第二,,
51,4302,006,高窪,,
51,5001,101,東浜,,
51,5001,103,麻生,,
51,5001,105,小栗,,
51,5001,107,七尾,,
51,5002,102,東浜,,
51,5002,104,麻生,,
51,5002,106,小栗,,
51,5002,108,七尾,,
52,4301,201,柳ケ瀬,,
52,4301,202,刀根第一,,
52,4301,203,刀根第二,,
52,4301,204,刀根第三,,
52,4301,205,曽々木,,
52,4301,206,小河,,
52,4301,207,越坂,,
52,4301,211,葉原,,
52,4301,212,杉津,,
52,4301,213,敦賀,,
52,4301,214,今庄,,
52,4301,215,南条第二,,
52,4301,216,南条第一,,
52,4301,217,日野山,,
52,4301,218,半田,,
52,4302,101,柳ケ瀬,,
52,4302,102,刀根,,
52,4302,105,曽々木,,
52,4302,106,小河,,
52,4302,108,樫曲第一,,
52,4302,109,樫曲第二,,
52,4302,110,樫曲第三,,
52,4302,111,葉原,,
52,4302,112,杉津,,
52,4302,113,敦賀,,
52,4302,114,今庄,,
52,4302,115,南条第二,,
52,4302,116,南条第一,,
52,4302,117,日野山,,
52,4302,118,半田,,
52,4425,501,三国岳,,
52,4425,502,関屋,,
52,4425,503,高浜,,
52,4425,504,大飯,,
52,4425,505,石山,,
52,4425,506,鹿野,,
52,4425,507,神崎,,
52,4425,508,父子,,
52,4425,509,野尻,,
52,4425,510,飯盛山,,
52,4425,511,加斗,,
52,4425,512,谷田部,,
52,4425,513,今富,,
52,4425,514,国富トンネル,,
52,4425,515,本保トンネル,,
52,4425,516,大谷トンネル,,
52,4425,517,鳥羽トンネル,,
52,4425,518,鈴ケ嶽トンネル,,
52,4425,519,田上トンネル,,
52,4425,520,佐古トンネル,,
52,4425,521,鳥浜トンネル,,
52,4425,522,気山トンネル,,
52,4425,523,矢筈山トンネル,,
52,4425,524,御嶽山トンネル,,
52,4425,525,野坂岳トンネル,,
52,4425,526,岩籠トンネル,,
52,4425,527,中郷トンネル,,
52,4426,501,三国岳,,
52,4426,502,関屋,,
52,4426,503,高浜,,
52,4426,504,大飯,,
52,4426,505,石山,,
52,4426,506,鹿野,,
52,4426,507,神崎,,
52,4426,508,父子,,
52,4426,509,野尻,,
52,4426,510,飯盛山,,
52,4426,511,加斗,,
52,4426,512,谷田部,,
52,4426,513,今富,,
52,4426,514,国富トンネル,,
52,4426,515,本保トンネル,,
52,4426,516,大谷トンネル,,
52,4426,517,鳥羽トンネル,,
52,4426,518,鈴ケ嶽トンネル,,
52,4426,519,田上トンネル,,
52,4426,520,佐古トンネル,,
52,4426,521,鳥浜トンネル,,
52,4426,522,気山トンネル,,
52,4426,523,矢筈山トンネル,,
52,4426,524,御嶽山トンネル,,
52,4426,525,野坂岳トンネル,,
52,4426,526,岩籠トンネル,,
52,4426,527,中郷トンネル,,
52,5001,301,油坂第４,,
52,5001,302,安田,,
52,5001,303,吉峰,,
52,5001,304,越坂,,
52,5001,305,浅見,,
52,5001,306,杉俣,,
52,5001,307,大袋,,
52,5001,308,小矢戸,,
52,5001,309,荒島第１,,
52,5001,310,荒島第２,,
52,5001,311,下山,,
52,5001,312,九頭竜,,
52,5002,301,油坂第４,,
52,5002,302,安田,,
52,5002,303,吉峰,,
52,5002,304,越坂,,
52,5002,305,浅見,,
52,5002,306,杉俣,,
52,5002,307,大袋,,
52,5002,308,小矢戸,,
52,5002,309,荒島第１,,
52,5002,310,荒島第２,,
52,5002,311,下山,,
52,5002,312,九頭竜,,
53,4261,101,多治見,,
53,4261,103,土岐,,
53,4261,105,神坂,,
53,4261,107,恵那山,,
53,4262,102,多治見,,
53,4262,104,土岐,,
53,4262,108,恵那山,,
53,4263,001,関ケ原,,
53,4263,003,今須,,
53,4264,002,関ケ原,,
53,4264,004,今須,,
53,4401,201,権現山,,
53,4401,203,各務原,,
53,4401,205,向山,,
53,4401,207,美濃,,
53,4401,209,古城山,,
53,4401,211,立花,,
53,4401,213,鶴形山,,
53,4401,215,上河和,,
53,4401,217,母野,,
53,4401,219,黒地,,
53,4401,221,勝原,,
53,4401,223,大矢南,,
53,4401,225,大矢北,,
53,4401,227,苅安,,
53,4401,229,山田,,
53,4401,231,深戸,,
53,4401,233,赤谷,,
53,4401,235,西乙原,,
53,4401,237,寺本,,
53,4401,239,雛成,,
53,4401,241,亀尾島,,
53,4401,243,小瀬子,,
53,4401,245,大瀬子,,
53,4401,247,神路,,
53,4401,249,平山,,
53,4401,251,白鳥,,
53,4401,253,高鷲,,
53,4401,255,エボシ山,,
53,4401,257,上野第一,,
53,4401,259,上野第二,,
53,4401,261,荘川,,
53,4401,263,三尾河,,
53,4401,265,スゲ畑,,
53,4401,267,軽岡,,
53,4401,269,古屋,,
53,4401,271,上小鳥,,
53,4401,274,二本木,,
53,4401,276,池本,,
53,4401,278,ミボロ,,
53,4401,280,東俣,,
53,4401,282,江黒,,
53,4401,284,舟原,,
53,4401,286,いら谷,,
53,4401,288,保,,
53,4401,290,飛騨,,
53,4401,292,大牧,,
53,4401,294,下田,,
53,4401,296,有家ケ原,,
53,4401,298,椿原,,
53,4401,300,小白川,,
53,4402,202,権現山,,
53,4402,204,各務原,,
53,4402,206,向山,,
53,4402,208,美濃,,
53,4402,210,古城山,,
53,4402,212,立花,,
53,4402,214,鶴形山,,
53,4402,216,上河和,,
53,4402,218,母野,,
53,4402,220,黒地,,
53,4402,222,勝原,,
53,4402,224,大矢南,,
53,4402,226,大矢北,,
53,4402,228,苅安,,
53,4402,230,山田,,
53,4402,232,深戸,,
53,4402,234,赤谷,,
53,4402,236,西乙原,,
53,4402,238,寺本,,
53,4402,240,雛成第１,,
53,4402,242,亀尾島,,
53,4402,244,小瀬子,,
53,4402,246,大瀬子,,
53,4402,248,神路,,
53,4402,250,平山,,
53,4402,252,白鳥,,
53,4402,254,高鷲,,
53,4402,256,エボシ山,,
53,4402,258,上野第一,,
53,4402,260,上野第二,,
53,4402,262,荘川,,
53,4402,264,三尾河,,
53,4402,266,スゲ畑,,
53,4402,268,軽岡,,
53,4402,270,古屋,,
53,4402,272,上小鳥,,
53,4402,274,二本木,,
53,4402,276,池本,,
53,4402,278,ミボロ,,
53,4402,280,東俣,,
53,4402,282,江黒,,
53,4402,284,舟原,,
53,4402,286,いら谷,,
53,4402,288,保,,
53,4402,290,飛騨,,
53,4402,292,大牧,,
53,4402,294,下田,,
53,4402,296,有家ケ原,,
53,4402,298,椿原,,
53,4402,300,小白川,,
53,4402,902,貝付,,
53,4402,904,雛成第２,,
53,5001,302,油坂第１,,
53,5001,304,油坂第２,,
53,5001,306,油坂第３,,
53,5001,308,越美通洞,,
53,5001,310,小鳥,,
53,5001,312,清見八日町,,
53,5001,314,栗尾,,
53,5001,316,見量山,,
53,5002,302,油坂第１,,
53,5002,304,油坂第２,,
53,5002,306,油坂第３,,
53,5002,308,越美通洞,,
53,5002,310,小鳥,,
53,5002,312,清見八日町,,
53,5002,314,栗尾,,
53,5002,316,見量山,,
53,5003,501,高山国府,,
53,5004,501,高山国府,,
53,5301,401,愛岐,,
53,5301,403,土岐笠原,,
53,5301,405,中央道,,
53,5301,408,久々利太平,,
53,5301,410,久々利第一,,
53,5301,412,久々利第ニ,,
53,5301,414,久々利第三,,
53,5301,416,柿田,,
53,5301,418,兼山,,
53,5301,420,白山,,
53,5301,422,かもフルーツ,,
53,5301,424,堂洞城,,
53,5301,426,栃洞,,
53,5301,428,川小牧,,
53,5301,430,池尻笠神,,
53,5301,432,広見,,
53,5301,434,三輪大洞,,
53,5301,436,三輪小洞,,
53,5301,438,三輪,,
53,5301,440,北野,,
53,5301,442,岐阜山県,,
53,5302,402,愛岐,,
53,5302,404,土岐笠原,,
53,5302,406,中央道,,
53,5302,408,久々利太平,,
53,5302,410,久々利第一,,
53,5302,412,久々利第ニ,,
53,5302,414,久々利第三,,
53,5302,416,柿田,,
53,5302,418,兼山,,
53,5302,420,白山,,
53,5302,422,かもフルーツ,,
53,5302,424,堂洞城,,
53,5302,426,栃洞,,
53,5302,428,川小牧,,
53,5302,430,池尻笠神,,
53,5302,432,広見,,
53,5302,434,三輪大洞,,
53,5302,436,三輪小洞,,
53,5302,438,三輪,,
53,5302,440,北野,,
53,5302,442,岐阜山県,,
54,4271,001,宇利,,
54,4272,002,宇利,,
54,4281,021,鳳来,,
54,4281,023,乗本,,
54,4281,025,雁峰第一,,
54,4281,027,雁峰第二,,
54,4281,029,臼子,,
54,4281,031,稲木,,
54,4281,033,東上,,
54,4281,035,砥鹿,,
54,4281,037,本宮山,,
54,4281,039,千両,,
54,4281,041,観音山,,
54,4281,043,額堂山,,
54,4281,045,額田,,
54,4281,047,生平,,
54,4281,049,秦梨,,
54,4281,051,才栗,,
54,4281,053,岩中岩戸,,
54,4282,022,鳳来,,
54,4282,024,乗本,,
54,4282,026,雁峰第一,,
54,4282,028,雁峰第二,,
54,4282,030,臼子,,
54,4282,032,稲木,,
54,4282,034,東上,,
54,4282,036,砥鹿,,
54,4282,038,本宮山,,
54,4282,040,千両,,
54,4282,042,観音山,,
54,4282,044,額堂山,,
54,4282,046,額田,,
54,4282,048,生平,,
54,4282,050,秦梨,,
54,4282,052,才栗,,
54,4282,054,岩中岩戸,,
54,4411,011,名東,,
54,4411,013,守山,,
54,4411,015,隅除川,,
54,4411,017,白沢川,,
54,4412,012,名東,,
54,4412,014,守山,,
54,4412,016,隅除川,,
54,4412,018,白沢川,,
54,5003,079,切山,,
54,5004,080,切山,,
54,5011,091,三遠名号,,
54,5011,093,三遠大島,,
54,5011,095,三遠,,
54,5012,092,三遠名号,,
54,5012,094,三遠大島,,
54,5012,096,三遠,,
54,5103,089,東山,,
54,5104,090,東山,,
54,5301,061,五ヶ丘,,
54,5301,063,鞍ヶ池第１,,
54,5301,065,鞍ヶ池第２,,
54,5301,067,猿投山,,
54,5301,069,愛岐,,
54,5302,062,五ヶ丘,,
54,5302,064,鞍ヶ池第１,,
54,5302,066,鞍ヶ池第２,,
54,5302,068,猿投山,,
54,5302,070,愛岐,,
55,4411,011,木下,,
55,4412,012,木下,,
55,4413,005,松坂,,
55,4413,007,多気,,
55,4413,009,伊勢,,
55,4414,006,松坂,,
55,4414,008,多気,,
55,4414,010,伊勢,,
55,4419,021,安坂山,,
55,4419,023,鈴鹿,,
55,4419,069,四日市西,,
55,4419,071,野登,,
55,4420,022,安坂山,,
55,4420,024,鈴鹿,,
55,4420,070,四日市西,,
55,4420,072,野登,,
55,4423,013,色太,,
55,4423,015,神瀬,,
55,4423,017,三瀬,,
55,4423,019,船木,,
55,4423,025,菅合,,
55,4423,027,滝辺,,
55,4423,029,毘沙野,,
55,4423,031,阿曽,,
55,4423,033,大紀,,
55,4423,035,柏野,,
55,4423,037,崎,,
55,4423,039,駒,,
55,4423,041,芦谷,,
55,4423,043,間弓,,
55,4423,045,川口,,
55,4423,047,紀勢荷坂,,
55,4423,049,紀伊長島,,
55,4423,051,加田,,
55,4423,053,古里第３,,
55,4423,055,古里第２,,
55,4423,057,古里第１,,
55,4423,059,新道瀬,,
55,4423,061,始神,,
55,4423,063,海山,,
55,4423,065,高丸山,,
55,4423,067,馬越,,
55,4424,014,色太,,
55,4424,016,神瀬,,
55,4424,018,三瀬,,
55,4424,020,船木,,
55,4424,026,菅合,,
55,4424,028,滝辺,,
55,4424,030,毘沙野,,
55,4424,032,阿曽,,
55,4424,034,大紀,,
55,4424,036,柏野,,
55,4424,038,崎,,
55,4424,040,駒,,
55,4424,042,芦谷,,
55,4424,044,間弓,,
55,4424,046,川口,,
55,4424,048,紀勢荷坂,,
55,4424,050,紀伊長島,,
55,4424,052,加田,,
55,4424,054,古里第３,,
55,4424,056,古里第２,,
55,4424,058,古里第１,,
55,4424,060,新道瀬,,
55,4424,062,始神,,
55,4424,064,海山,,
55,4424,066,高丸山,,
55,4424,068,馬越,,
55,4520,836,今岡,,
55,5001,001,関,,
55,5001,003,加太,,
55,5002,002,関,,
55,5002,004,加太,,
55,5101,073,新尾鷲,,
55,5101,075,泉第１,,
55,5101,077,泉第２,,
55,5101,079,尾鷲高峰山,,
55,5101,081,新八鬼山,,
55,5101,083,亥ヶ谷,,
55,5101,085,逢神曽根,,
55,5101,087,新鹿,,
55,5101,089,大吹,,
55,5102,074,新尾鷲,,
55,5102,076,泉第１,,
55,5102,078,泉第２,,
55,5102,080,尾鷲高峰山,,
55,5102,082,新八鬼山,,
55,5102,084,亥ヶ谷,,
55,5102,086,逢神曽根,,
55,5102,088,新鹿,,
55,5102,090,大吹,,
55,5541,073,尾鷲第１トンネル,,
55,5541,075,尾鷲第２トンネル,,
55,5541,077,尾鷲第３トンネル,,
55,5541,079,尾鷲第４トンネル,,
55,5541,081,新八鬼山トンネル,,
55,5541,083,亥ヶ谷トンネル,,
55,5541,085,逢神曽根トンネル,,
55,5541,087,新鹿トンネル,,
55,5541,089,大吹トンネル,,
55,5542,074,尾鷲第１トンネル,,
55,5542,076,尾鷲第２トンネル,,
55,5542,078,尾鷲第３トンネル,,
55,5542,080,尾鷲第４トンネル,,
55,5542,082,新八鬼山トンネル,,
55,5542,084,亥ヶ谷トンネル,,
55,5542,086,逢神曽根トンネル,,
55,5542,088,新鹿トンネル,,
55,5542,090,大吹トンネル,,
60,4263,101,関ケ原,,
60,4263,102,米原,,
60,4263,103,彦根,,
60,4263,104,西明寺,,
60,4263,105,大津,,
60,4263,106,蝉丸,,
60,4264,107,関ケ原,,
60,4264,108,米原,,
60,4264,109,彦根,,
60,4264,110,西明寺,,
60,4264,111,大津,,
60,4264,112,蝉丸,,
60,4301,201,長浜,,
60,4301,202,柳ケ瀬,,
60,4302,203,長浜,,
60,4302,204,柳ケ瀬,,
60,4419,401,鈴鹿,,
60,4419,402,甲南,,
60,4419,403,金勝山,,
60,4420,404,鈴鹿,,
60,4420,405,甲南,,
60,4420,406,金勝山,,
60,5001,301,大平山,,
60,5001,302,内畑,,
60,5002,303,大平山,,
60,5002,304,内畑,,
61,4263,001,天王山（右ルート）,,
61,4263,003,天王山（左ルート）,,
61,4264,002,天王山（右ルート）,,
61,4264,004,天王山（左ルート）,,
61,4425,101,丹波第二,,
61,4425,104,石原,,
61,4425,106,私市円山,,
61,4425,108,私市,,
61,4425,109,城山,,
61,4425,111,黒谷真倉,,
61,4425,115,行永,,
61,4425,117,木ノ下,,
61,4425,119,三国岳,,
61,4426,102,丹波第二,,
61,4426,104,石原,,
61,4426,106,私市円山,,
61,4426,108,私市,,
61,4426,110,城山,,
61,4426,111,黒谷真倉,,
61,4426,115,行永,,
61,4426,117,木ノ下,,
61,4426,119,三国岳,,
61,5001,205,二尾,,
61,5001,207,宇治,,
61,5002,206,二尾,,
61,5002,208,宇治,,
61,5009,501,地蔵,,
61,5009,502,大師山,,
61,5009,503,木戸谷,,
61,5010,501,地蔵,,
61,5010,502,大師山,,
61,5010,503,木戸谷,,
61,5013,601,稲荷山,,
61,5014,602,稲荷山,,
61,5401,322,大江山,,
61,5401,324,辛皮,,
61,5401,326,栃葉,,
61,5401,328,大俣,,
61,5401,330,上村,,
61,5401,332,小原,,
61,5401,334,坊口,,
61,5401,336,内久井,,
61,5401,338,別所,,
61,5401,340,篠田,,
61,5401,342,七百石,,
61,5401,351,高城第二,,
61,5401,353,高城第一,,
61,5401,401,橋上,,
61,5401,403,旭,,
61,5401,405,横谷,,
61,5401,420,新観音,,
61,5401,422,熊崎,,
61,5401,424,瓜生野,,
61,5401,426,本郷,,
61,5401,428,拝田,,
61,5401,430,天岡山,,
61,5401,432,新老ノ坂,,
61,5401,434,北春日,,
61,5401,436,南春日,,
61,5401,438,西山,,
61,5401,440,西代,,
61,5401,451,広野,,
61,5401,453,大簾,,
61,5401,455,新瑞穂,,
61,5401,457,粟野,,
61,5401,459,院内,,
61,5401,461,森,,
61,5401,463,曽根,,
61,5401,465,須知,,
61,5402,322,大江山,,
61,5402,324,辛皮,,
61,5402,326,栃葉,,
61,5402,328,大俣,,
61,5402,330,上村,,
61,5402,332,小原,,
61,5402,334,坊口,,
61,5402,336,内久井,,
61,5402,338,別所,,
61,5402,340,篠田,,
61,5402,342,七百石,,
61,5402,351,高城第二,,
61,5402,353,高城第一,,
61,5402,401,橋上,,
61,5402,403,旭,,
61,5402,405,横谷,,
61,5402,420,新観音,,
61,5402,422,熊崎,,
61,5402,424,瓜生野,,
61,5402,427,本郷,,
61,5402,429,拝田,,
61,5402,431,天王山,,
61,5402,433,新老ノ坂,,
61,5402,435,北春日,,
61,5402,437,南春日,,
61,5402,439,西山,,
61,5402,441,西代,,
61,5402,451,広野,,
61,5402,453,大簾,,
61,5402,455,新瑞穂,,
61,5402,457,粟野,,
61,5402,459,院内,,
61,5402,461,森,,
61,5402,463,曽根,,
61,5402,465,須知,,
62,4263,001,千里山,,
62,4263,002,梶原第一（右ルート）,,
62,4263,003,梶原第二（右ルート）,,
62,4263,025,天王山（右ルート）,,
62,4263,026,梶原第一（左ルート）,,
62,4263,027,梶原第二（左ルート）,,
62,4263,028,天王山（左ルート）,,
62,4264,004,天王山（右ルート）,,
62,4264,005,天王山（左ルート）,,
62,4264,006,梶原第二,,
62,4264,007,梶原第一（右ルート）,,
62,4264,008,千里山,,
62,4264,029,梶原第一（左ルート）,,
62,4415,009,田尻,,
62,4415,010,柏原,,
62,4416,011,柏原,,
62,4416,012,田尻,,
62,4419,031,神峰山,,
62,4419,033,原萩谷,,
62,4419,035,竜王山,,
62,4419,037,箕面,,
62,4419,039,止々呂美,,
62,4420,032,神峰山,,
62,4420,034,原萩谷,,
62,4420,036,竜王山,,
62,4420,038,箕面,,
62,4420,040,止々呂美,,
62,4421,013,雨山,,
62,4421,014,高倉山,,
62,4421,015,内畑第二,,
62,4421,016,内畑第一,,
62,4421,021,信太山,,
62,4421,022,檜尾,,
62,4422,017,内畑第一,,
62,4422,018,内畑第二,,
62,4422,019,高倉山,,
62,4422,020,雨山,,
62,4422,023,檜尾,,
62,4422,024,信太山,,
62,5005,105,羽曳が丘,,
62,5005,106,大黒,,
62,5005,107,太子,,
62,5005,108,竹内,,
62,5006,105,羽曳が丘,,
62,5006,106,大黒,,
62,5006,107,太子,,
62,5006,108,竹内,,
62,5113,301,正蓮寺川トンネル,,
62,5114,112,大和川第一,,
62,5151,101,阪奈,,
62,5213,302,正蓮寺川トンネル,,
62,5214,112,大和川第一,,
62,5251,102,阪奈,,
62,5301,103,長尾台,,
62,5301,104,長尾東,,
62,5301,109,寝屋川,,
62,5301,110,津田東,,
62,5301,111,寝屋川第二,,
62,5302,103,長尾台,,
62,5302,104,長尾東,,
62,5302,109,寝屋川,,
62,5302,110,津田東,,
62,5302,111,寝屋川第二,,
62,5303,120,箕面グリーンロード,,
62,5304,120,箕面グリーンロード,,
63,4419,420,川西,,
63,4419,422,六石山,,
63,4419,424,猪渕,,
63,4419,426,切畑,,
63,4419,428,道場,,
63,4420,421,川西,,
63,4420,423,六石山,,
63,4420,425,猪渕,,
63,4420,427,切畑,,
63,4420,429,道場,,
63,4425,200,藍本,,
63,4425,202,丹南第一,,
63,4425,204,丹南第二,,
63,4425,206,丹波第一,,
63,4425,208,日ケ奥,,
63,4425,210,丹波第二,,
63,4426,201,藍本,,
63,4426,203,丹南第一,,
63,4426,205,丹南第二,,
63,4426,207,丹波第一,,
63,4426,209,日ケ奥,,
63,4426,211,丹波第二,,
63,4501,100,宝塚東,,
63,4501,102,宝塚西,,
63,4501,104,生瀬,,
63,4501,106,西下野,,
63,4501,108,漆野,,
63,4501,110,金近,,
63,4501,112,杉坂,,
63,4502,101,宝塚東,,
63,4502,103,宝塚西,,
63,4502,105,生瀬,,
63,4502,107,西下野,,
63,4502,109,漆野,,
63,4502,111,金近,,
63,4502,113,杉坂,,
63,4511,300,相生,,
63,4511,302,尼子山,,
63,4511,304,目坂,,
63,4511,306,清水,,
63,4511,308,高山,,
63,4511,310,竜野,,
63,4511,312,槻坂,,
63,4511,314,西脇第二,,
63,4511,316,西脇第一,,
63,4511,318,書写山第二,,
63,4511,320,書写山第一,,
63,4511,322,御立,,
63,4511,324,上大野,,
63,4511,327,広峰山,,
63,4511,329,増位山,,
63,4511,331,城見台,,
63,4511,333,谷内,,
63,4511,335,志方西,,
63,4511,337,志方東,,
63,4511,339,城山,,
63,4511,341,平井,,
63,4511,343,戸田,,
63,4511,345,三津田,,
63,4511,347,丹生山,,
63,4511,349,シブレ山,,
63,4512,301,相生,,
63,4512,303,尼子山,,
63,4512,305,目坂,,
63,4512,307,清水,,
63,4512,309,高山,,
63,4512,311,竜野,,
63,4512,313,槻坂,,
63,4512,315,西脇第二,,
63,4512,317,西脇第一,,
63,4512,319,書写山第二,,
63,4512,321,書写山第一,,
63,4512,323,御立,,
63,4512,325,上大野第二,,
63,4512,326,上大野第一,,
63,4512,328,広峰山,,
63,4512,330,増位山,,
63,4512,332,城見台,,
63,4512,334,谷内,,
63,4512,336,志方西,,
63,4512,338,志方東,,
63,4512,340,城山,,
63,4512,342,平井,,
63,4512,344,戸田,,
63,4512,346,三津田,,
63,4512,348,丹生山,,
63,4512,350,シブレ山,,
63,4517,800,飯盛山,,
63,4517,802,金坂,,
63,4517,804,三濃山,,
63,4517,806,莇原,,
63,4517,808,鍛冶屋,,
63,4517,810,時重,,
63,4517,812,牧,,
63,4517,814,角ヶ鼻,,
63,4517,816,奥小屋,,
63,4517,818,国見山,,
63,4518,801,飯盛山,,
63,4518,803,金坂,,
63,4518,805,三濃山,,
63,4518,807,莇原,,
63,4518,809,鍛冶屋,,
63,4518,811,時重,,
63,4518,813,牧,,
63,4518,815,角ヶ鼻,,
63,4518,817,奥小屋,,
63,4518,819,国見山,,
63,4519,821,塩谷,,
63,4519,823,利神山,,
63,4519,825,平福,,
63,4519,827,末宗第一,,
63,4519,829,末宗第二,,
63,4519,831,釜坂第一,,
63,4519,833,釜坂第二,,
63,4520,822,塩谷,,
63,4520,824,利神山,,
63,4520,826,平福,,
63,4520,828,末宗第一,,
63,4520,830,末宗第二,,
63,4520,832,釜坂第一,,
63,4520,834,釜坂第二,,
63,5005,600,伊吹,,
63,5005,602,太山寺第一,,
63,5005,604,太山寺第二,,
63,5005,606,藍那,,
63,5005,608,長坂山,,
63,5005,610,新唐柩,,
63,5005,612,新有野,,
63,5005,614,有馬北,,
63,5005,616,金仙寺,,
63,5005,618,畑山,,
63,5006,601,伊吹,,
63,5006,603,太山寺第一,,
63,5006,605,太山寺第二,,
63,5006,607,藍那,,
63,5006,609,長坂山,,
63,5006,611,新唐柩,,
63,5006,613,新有野,,
63,5006,615,有馬北,,
63,5006,617,金仙寺,,
63,5006,619,畑山,,
63,5007,620,伊丹,,
63,5008,621,伊丹,,
63,5009,630,神戸長田,,
63,5009,632,妙法寺第一,,
63,5009,634,妙法寺第二,,
63,5009,636,白川,,
63,5010,631,神戸長田,,
63,5010,633,妙法寺第一,,
63,5010,635,妙法寺第二,,
63,5010,637,白川,,
63,5021,400,月見山,,
63,5021,402,高倉山Ａ,,
63,5021,403,高倉山Ｂ,,
63,5022,401,月見山,,
63,5022,404,高倉山,,
63,5025,405,夢前,,
63,5025,407,山田,,
63,5026,406,夢前,,
63,5026,408,山田,,
63,5027,409,城山,,
63,5027,411,王子,,
63,5027,413,福田,,
63,5028,410,城山,,
63,5028,412,王子,,
63,5028,414,福田,,
63,5029,500,播但第一,,
63,5029,502,播但,,
63,5029,504,生野,,
63,5029,506,森垣,,
63,5029,508,西山,,
63,5029,510,朝来第１,,
63,5029,512,朝来第２,,
63,5029,514,朝来第３,,
63,5029,516,朝来第４,,
63,5029,518,朝来第５,,
63,5029,520,朝来第６,,
63,5029,522,朝来第７,,
63,5029,524,朝来第８,,
63,5029,526,朝来第９,,
63,5029,528,城山,,
63,5030,501,播但第一,,
63,5030,503,播但,,
63,5030,505,生野,,
63,5030,507,森垣,,
63,5030,509,西山,,
63,5030,511,朝来第１,,
63,5030,513,朝来第２,,
63,5030,515,朝来第３,,
63,5030,517,朝来第４,,
63,5030,519,朝来第５,,
63,5030,521,朝来第６,,
63,5030,523,朝来第７,,
63,5030,525,朝来第８,,
63,5030,527,朝来第９,,
63,5030,529,城山,,
63,5035,700,布施畑,,
63,5035,702,高塚山,,
63,5035,704,舞子,,
63,5035,706,仁井,,
63,5035,708,川井谷,,
63,5036,701,布施畑,,
63,5036,703,高塚山,,
63,5036,705,舞子,,
63,5036,707,仁井,,
63,5036,709,川井谷,,
63,5037,415,小束山ふれあい,,
63,5038,416,小束山ふれあい,,
63,5039,900,石才,,
63,5039,902,歌道谷,,
63,5039,904,大崎横田,,
63,5039,906,沼栗住野,,
63,5039,908,沢野,,
63,5039,910,中佐治,,
63,5039,912,岡見,,
63,5039,914,向,,
63,5039,916,山垣,,
63,5039,918,和田,,
63,5039,920,遠坂,,
63,5039,922,牧田,,
63,5039,924,大倉部,,
63,5039,926,石和,,
63,5039,928,畑,,
63,5039,930,八鹿,,
63,5039,932,とがやま,,
63,5039,934,三谷,,
63,5039,936,青谿,,
63,5039,938,朝倉宿南,,
63,5039,940,新久斗,,
63,5039,942,袮布,,
63,5039,944,水上,,
63,5039,946,竹貫,,
63,5039,948,上佐野,,
63,5040,901,石才,,
63,5040,903,歌道谷,,
63,5040,905,大崎横田,,
63,5040,907,沼栗住野,,
63,5040,909,沢野,,
63,5040,911,中佐治,,
63,5040,913,岡見,,
63,5040,915,向,,
63,5040,917,山垣,,
63,5040,919,和田,,
63,5040,921,遠坂,,
63,5040,923,牧田,,
63,5040,925,大倉部,,
63,5040,927,石和,,
63,5040,929,畑,,
63,5040,931,八鹿,,
63,5040,933,とがやま,,
63,5040,935,三谷,,
63,5040,937,青谿,,
63,5040,939,朝倉宿南,,
63,5040,941,新久斗,,
63,5040,943,祢布,,
63,5040,945,水上,,
63,5040,947,竹貫,,
63,5040,949,上佐野,,
64,4415,002,田尻,,
64,4416,001,田尻,,
64,5003,011,宝来,,
64,5003,012,榁ノ木,,
64,5003,013,阪奈,,
64,5004,021,阪奈,,
64,5004,022,榁ノ木,,
64,5004,023,宝来,,
64,5005,200,竹内,,
64,5006,300,竹内,,
64,5007,101,釜窪東,,
64,5007,102,釜窪西,,
64,5007,103,畑田,,
64,5007,104,巨勢山,,
64,5007,105,朝町,,
64,5007,106,かきもみ,,
64,5007,107,風の森,,
64,5008,111,釜窪東,,
64,5008,112,釜窪西,,
64,5008,113,畑田,,
64,5008,114,巨勢山,,
64,5008,115,朝町,,
64,5008,116,かきもみ,,
64,5008,117,風の森,,
65,4421,001,雄の山,,
65,4421,003,藤白,,
65,4421,005,下津,,
65,4421,007,長峰,,
65,4421,021,御坊,,
65,4421,023,塩谷,,
65,4421,025,青垣内山,,
65,4421,027,印南,,
65,4421,029,島田,,
65,4421,031,西岩代,,
65,4421,033,東岩代,,
65,4421,035,高田山,,
65,4421,037,梅の郷,,
65,4421,039,南紀田辺,,
65,4421,041,稲成,,
65,4421,043,上万呂,,
65,4421,045,平間,,
65,4421,047,十九渕第１,,
65,4421,049,十九渕第２,,
65,4421,051,富田坂第１,,
65,4421,053,富田坂第２,,
65,4421,055,要害山,,
65,4421,057,見草,,
65,4421,059,椿,,
65,4421,061,田野井第１,,
65,4421,063,田野井第２,,
65,4421,065,矢田,,
65,4421,067,大古,,
65,4421,069,安宅,,
65,4421,071,周参見第１,,
65,4421,073,周参見第２,,
65,4421,075,和深川,,
65,4421,077,長井坂,,
65,4421,079,見老津第１,,
65,4421,081,見老津第２,,
65,4421,083,江住,,
65,4422,002,雄の山,,
65,4422,004,藤白,,
65,4422,006,下津,,
65,4422,008,長峰,,
65,4422,021,御坊,,
65,4422,023,塩谷,,
65,4422,025,青垣内山,,
65,4422,027,印南,,
65,4422,029,島田,,
65,4422,031,西岩代,,
65,4422,033,東岩代,,
65,4422,035,高田山,,
65,4422,037,梅の郷,,
65,4422,039,南紀田辺,,
65,4422,041,稲成,,
65,4422,043,上万呂,,
65,4422,045,平間,,
65,4422,047,十九渕第１,,
65,4422,049,十九渕第２,,
65,4422,051,富田坂第１,,
65,4422,053,富田坂第２,,
65,4422,055,要害山,,
65,4422,057,見草,,
65,4422,059,椿,,
65,4422,061,田野井第１,,
65,4422,063,田野井第２,,
65,4422,065,矢田,,
65,4422,067,大古,,
65,4422,069,安宅,,
65,4422,071,周参見第１,,
65,4422,073,周参見第２,,
65,4422,075,和深川,,
65,4422,077,長井坂,,
65,4422,079,見老津第１,,
65,4422,081,見老津第２,,
65,4422,083,江住,,
65,5009,101,知谷,,
65,5009,103,春日山城,,
65,5009,105,根来,,
65,5009,107,安上岩出,,
65,5010,101,知,,
65,5010,103,春日山城,,
65,5010,105,根来,,
65,5010,107,安上岩出,,
65,5031,009,湯浅,,
65,5031,011,柳瀬,,
65,5031,013,井関,,
65,5031,015,鳥松山,,
65,5031,017,川辺第一,,
65,5031,019,川辺第二,,
65,5032,009,湯浅,,
65,5032,011,柳瀬,,
65,5032,013,井関,,
65,5032,015,鳥松山,,
65,5032,017,川辺第一,,
65,5032,019,川辺第二,,
70,4519,451,智頭用瀬,,
70,4519,452,用瀬第一,,
70,4519,453,用瀬第二,,
70,4519,454,用瀬第三,,
70,4519,455,高津原,,
70,4519,456,片山,,
70,4519,457,下味野,,
70,4520,451,智頭用瀬,,
70,4520,452,用瀬第一,,
70,4520,453,用瀬第二,,
70,4520,454,用瀬第三,,
70,4520,455,高津原,,
70,4520,456,片山,,
70,4520,457,下味野,,
70,4523,001,添谷,,
70,4523,002,谷川,,
70,4523,003,宮原,,
70,4523,004,根雨原,,
70,4523,005,柿原,,
70,4523,006,佐川,,
70,4523,007,江府,,
70,4523,008,小江尾,,
70,4523,009,宮市,,
70,4523,011,三平山,,
70,4524,001,添谷,,
70,4524,002,谷川,,
70,4524,003,宮原,,
70,4524,004,根雨原,,
70,4524,005,柿原,,
70,4524,006,佐川,,
70,4524,007,江府,,
70,4524,008,小江尾,,
70,4524,010,宮市,,
70,4524,011,三平山,,
70,5002,051,米子第二,,
70,5002,052,米子第一,,
70,5002,053,淀江,,
70,5003,051,米子第二,,
70,5003,052,米子第一,,
70,5003,053,淀江,,
70,5012,501,駒帰,,
70,5012,502,樽見,,
70,5012,503,若杉,,
70,5012,504,美杉郷,,
70,5012,505,尾身,,
70,5012,506,大内,,
70,5012,507,毛谷,,
70,5012,508,篠坂,,
70,5012,509,上市場,,
70,5012,510,智頭,,
70,5013,501,駒帰,,
70,5013,502,樽見,,
70,5013,503,若杉,,
70,5013,504,美杉郷,,
70,5013,505,尾身,,
70,5013,506,大内,,
70,5013,507,毛谷,,
70,5013,508,篠坂,,
70,5013,509,上市場,,
70,5013,510,智頭,,
70,5040,061,高草,,
70,5040,062,二十世紀梨ふるさと,,
70,5040,063,福井内海中,,
70,5040,064,内海中常松,,
70,5040,065,気高第１,,
70,5040,066,気高第２,,
70,5040,067,重山,,
70,5040,068,鹿野気高,,
70,5040,069,気高青谷,,
70,5041,061,高草,,
70,5041,062,二十世紀梨ふるさと,,
70,5041,063,福井内海中,,
70,5041,064,内海中常松,,
70,5041,065,気高第１,,
70,5041,066,気高第２,,
70,5041,067,重山,,
70,5041,068,鹿野気高,,
70,5041,069,気高青谷,,
70,5042,070,吉川,,
70,5042,071,長和瀬,,
70,5042,072,泊,,
70,5043,070,吉川,,
70,5043,071,長和瀬,,
70,5043,072,泊,,
71,4501,001,田野原,,
71,4501,003,蔵木,,
71,4501,005,六日市,,
71,4501,007,愛宕,,
71,4501,009,蓼野,,
71,4501,011,米山,,
71,4502,002,田野原,,
71,4502,004,蔵木,,
71,4502,006,六日市,,
71,4502,008,愛宕,,
71,4502,010,蓼野,,
71,4502,012,米山,,
71,4525,313,加茂,,
71,4525,315,三刀屋,,
71,4525,341,上熊谷,,
71,4525,343,高瀬山,,
71,4525,345,川尻,,
71,4525,347,吉田,,
71,4525,349,杉戸,,
71,4525,351,大万木,,
71,4526,314,加茂,,
71,4526,316,三刀屋,,
71,4526,342,上熊谷,,
71,4526,344,高瀬山,,
71,4526,346,川尻,,
71,4526,348,吉田,,
71,4526,350,杉戸,,
71,4526,352,大万木,,
71,4529,101,後野,,
71,4529,102,本郷,,
71,4529,103,赤谷,,
71,4529,104,岩畳,,
71,4529,105,中峠,,
71,4529,106,猪子山,,
71,4530,101,後野,,
71,4530,102,本郷,,
71,4530,103,赤谷,,
71,4530,104,岩畳,,
71,4530,105,中峠,,
71,4530,106,猪子山,,
71,4531,309,来侍,,
71,4531,311,女夫岩,,
71,4531,319,神庭荒神谷,,
71,4531,321,仏教山,,
71,4531,323,船津朝山,,
71,4531,325,立巌,,
71,4531,327,姉山,,
71,4531,329,知谷古志,,
71,4531,331,新宮,,
71,4532,310,来侍,,
71,4532,312,女夫岩,,
71,4532,320,神庭荒神谷,,
71,4532,322,仏教山,,
71,4532,324,船津朝山,,
71,4532,326,立巌,,
71,4532,328,姉山,,
71,4532,330,知谷古志,,
71,4532,332,新宮,,
71,5001,301,塩津山,,
71,5001,303,意東,,
71,5001,305,揖屋,,
71,5002,302,塩津山,,
71,5002,304,意東,,
71,5002,306,揖屋,,
71,5003,307,古志原,,
71,5004,308,古志原,,
71,5005,317,うやがわ,,
71,5006,318,うやがわ,,
71,5011,351,和久羅,,
71,5012,352,和久羅,,
71,5013,201,高佐,,
71,5013,202,相生第一,,
71,5013,203,相生第二,,
71,5014,201,高佐,,
71,5014,202,相生第一,,
71,5014,203,相生第二,,
71,5015,204,中内田,,
71,5015,205,塚ヶ原山,,
71,5015,206,吉地第１,,
71,5015,207,吉地第２,,
71,5016,204,中内田,,
71,5016,205,塚ヶ原山,,
71,5016,206,吉地第１,,
71,5016,207,吉地第２,,
72,4501,001,杉坂,,
72,4501,003,北房,,
72,4501,005,呰部,,
72,4501,007,阿口,,
72,4501,009,布瀬,,
72,4501,011,大佐,,
72,4501,013,熊谷,,
72,4501,015,高尾,,
72,4501,017,新見,,
72,4502,002,杉坂,,
72,4502,004,北房,,
72,4502,006,呰部,,
72,4502,008,三尾,,
72,4502,010,布瀬,,
72,4502,012,大佐,,
72,4502,014,熊谷,,
72,4502,016,大仁子,,
72,4502,018,新見,,
72,4511,101,阿坂,,
72,4511,103,水江,,
72,4511,105,酒津,,
72,4511,107,中庄,,
72,4511,109,金田,,
72,4511,111,二子,,
72,4511,113,鼓山,,
72,4511,115,名越山,,
72,4511,117,城山,,
72,4511,119,笠井山,,
72,4511,121,宗谷山,,
72,4511,123,牟佐,,
72,4511,125,馬屋,,
72,4511,127,龍王山,,
72,4511,129,塩納,,
72,4511,131,保木,,
72,4511,133,勢力,,
72,4511,135,熊山,,
72,4511,137,奥吉原,,
72,4511,139,福富,,
72,4511,141,稲坪,,
72,4511,143,閑谷,,
72,4512,102,阿坂,,
72,4512,104,水江,,
72,4512,106,酒津,,
72,4512,108,中庄,,
72,4512,110,金田,,
72,4512,112,二子,,
72,4512,114,鼓山,,
72,4512,116,名越山,,
72,4512,118,城山,,
72,4512,120,笠井山,,
72,4512,122,宗谷山,,
72,4512,124,牟佐,,
72,4512,126,馬屋,,
72,4512,128,龍王山,,
72,4512,130,塩納,,
72,4512,132,保木,,
72,4512,134,勢力,,
72,4512,136,熊山,,
72,4512,138,奥吉原,,
72,4512,140,福富,,
72,4512,142,稲坪,,
72,4512,144,閑谷,,
72,4519,833,釜坂第二,,
72,4519,835,今岡,,
72,4519,837,中町,,
72,4519,839,大原,,
72,4519,841,江ノ原第１,,
72,4519,843,江ノ原第２,,
72,4519,845,筏津,,
72,4519,847,西粟倉,,
72,4519,849,佐渕,,
72,4520,834,釜坂第二,,
72,4520,838,中町,,
72,4520,840,大原,,
72,4520,842,江ノ原第１,,
72,4520,844,江ノ原第２,,
72,4520,846,筏津,,
72,4520,848,西粟倉,,
72,4520,850,佐渕,,
72,4521,251,塔坂,,
72,4521,252,槙谷,,
72,4521,253,有漢,,
72,4522,251,塔坂,,
72,4522,252,槙谷,,
72,4522,253,有漢,,
72,4523,201,大内原,,
72,4523,202,米来,,
72,4523,203,木谷山,,
72,4523,204,二川,,
72,4523,205,横瀬,,
72,4523,206,打井畑,,
72,4523,207,伏ヶ芽,,
72,4523,208,芦谷,,
72,4523,209,摺鉢山,,
72,4523,210,久見,,
72,4523,211,玉田山,,
72,4523,212,鳥居,,
72,4523,213,三平山,,
72,4524,201,大内原,,
72,4524,202,米来,,
72,4524,203,木谷山,,
72,4524,204,二川,,
72,4524,205,横瀬,,
72,4524,206,打井畑,,
72,4524,207,伏ヶ芽,,
72,4524,208,芦谷,,
72,4524,209,摺鉢山,,
72,4524,210,久見,,
72,4524,211,玉田山,,
72,4524,212,鳥居,,
72,4524,213,三平山,,
72,5030,301,正面山,,
72,5030,302,柳田,,
72,5030,303,塩生,,
72,5030,304,鷲羽山,,
72,5031,305,正面山,,
72,5031,306,柳田,,
72,5031,307,塩生,,
72,5031,308,鷲羽山,,
72,5033,851,あわくら,,
72,5034,852,あわくら,,
72,5035,165,湯郷第１,,
72,5035,166,湯郷第２,,
72,5036,165,湯郷第１,,
72,5036,166,湯郷第２,,
73,4501,101,中山,,
73,4501,102,中原,,
73,4501,103,牛頭山,,
73,4501,104,平,,
73,4501,105,船場,,
73,4501,106,澄合三谷,,
73,4501,107,加計東,,
73,4501,108,加計西,,
73,4501,109,戸河内,,
73,4501,110,筒賀,,
73,4501,112,椿山,,
73,4501,114,大井,,
73,4501,116,布原,,
73,4501,117,馬越,,
73,4501,118,境,,
73,4501,119,冠山,,
73,4502,201,中山,,
73,4502,202,中原,,
73,4502,204,平,,
73,4502,205,船場,,
73,4502,206,澄合三谷,,
73,4502,207,加計東,,
73,4502,208,加計西,,
73,4502,209,戸河内,,
73,4502,210,筒賀,,
73,4502,211,萩原,,
73,4502,212,椿山,,
73,4502,213,小原,,
73,4502,214,大井,,
73,4502,215,桜ケ瀬,,
73,4502,216,布原,,
73,4502,217,馬越,,
73,4502,218,境,,
73,4502,219,冠山,,
73,4502,220,牛頭山,,
73,4511,301,坂田,,
73,4511,302,牧谷,,
73,4511,303,郷分,,
73,4511,304,山手,,
73,4511,305,赤坂,,
73,4511,306,神村,,
73,4511,313,西条,,
73,4511,314,米満,,
73,4511,315,八本松,,
73,4511,316,志和,,
73,4511,317,安芸,,
73,4511,318,武田山,,
73,4511,319,水晶,,
73,4511,320,石内,,
73,4511,321,五日市,,
73,4511,323,御園,,
73,4511,326,美ノ郷,,
73,4511,327,大羽谷,,
73,4511,328,本郷,,
73,4511,329,日山地,,
73,4511,330,本谷,,
73,4511,331,竹原,,
73,4511,332,入野,,
73,4512,401,坂田,,
73,4512,402,牧谷,,
73,4512,403,郷分,,
73,4512,404,山手,,
73,4512,405,赤坂,,
73,4512,406,神村,,
73,4512,413,西条,,
73,4512,414,米満,,
73,4512,415,八本松,,
73,4512,416,志和,,
73,4512,417,安芸,,
73,4512,418,武田山,,
73,4512,419,水晶,,
73,4512,420,石内,,
73,4512,421,五日市,,
73,4512,423,御園,,
73,4512,426,美ノ郷,,
73,4512,427,大羽谷,,
73,4512,428,本郷,,
73,4512,429,日山地,,
73,4512,430,本谷,,
73,4512,431,竹原,,
73,4512,432,入野,,
73,4525,720,木ノ庄,,
73,4525,721,岩根,,
73,4525,722,貝ケ原,,
73,4525,723,宇津戸第一,,
73,4525,724,宇津戸第二,,
73,4525,725,別迫,,
73,4525,726,三玉,,
73,4525,728,長田敷地,,
73,4525,729,三良坂,,
73,4525,730,高茂,,
73,4525,731,川平,,
73,4525,732,ほたる見,,
73,4525,733,下本谷,,
73,4525,734,中本谷,,
73,4525,735,野呂谷,,
73,4525,736,麻志,,
73,4525,737,竹地谷,,
73,4525,738,大万木,,
73,4526,720,木ノ庄,,
73,4526,721,岩根,,
73,4526,722,貝ケ原,,
73,4526,723,宇津戸第一,,
73,4526,724,宇津戸第二,,
73,4526,725,別迫,,
73,4526,726,三玉,,
73,4526,728,双三,,
73,4526,729,三良坂,,
73,4526,730,高茂,,
73,4526,731,川平,,
73,4526,732,ほたる見,,
73,4526,733,下本谷,,
73,4526,734,中本谷,,
73,4526,735,野呂谷,,
73,4526,736,麻志,,
73,4526,737,竹地谷,,
73,4526,738,大万木,,
73,4527,502,竹坂,,
73,4527,503,日浦,,
73,4527,504,宮郷,,
73,4528,602,竹坂,,
73,4528,603,日浦,,
73,4528,604,宮郷,,
73,4529,605,猪子山,,
73,4530,605,猪子山,,
73,5401,324,玖波第一,,
73,5401,325,玖波第二,,
73,5402,424,玖波第一,,
73,5402,425,玖波第二,,
73,5411,618,高西,,
73,5411,619,高須,,
73,5412,620,高須,,
73,5412,621,高西,,
73,5421,610,防士,,
73,5422,622,防地,,
73,5425,623,内畠,,
73,5425,624,赤石,,
73,5426,623,内畠,,
73,5426,624,赤石,,
73,5431,701,洲江,,
73,5431,702,瀬田,,
73,5432,703,洲江,,
73,5432,704,瀬田,,
73,5441,801,福木,,
73,5442,802,福木,,
73,5442,803,金剛寺山,,
73,5451,811,溝口田万里,,
73,5451,812,下三永,,
73,5451,813,馬木宗近,,
73,5451,814,金剛山,,
73,5451,815,岩山,,
73,5451,816,郷原,,
73,5451,817,広石内,,
73,5451,818,揚山,,
73,5451,819,横路,,
73,5452,813,馬木宗近,,
73,5452,814,金剛山,,
73,5452,815,岩山,,
73,5452,816,郷原,,
73,5452,817,広石内,,
73,5452,818,揚山,,
73,5452,819,横路,,
73,5452,821,溝口田万里,,
73,5452,822,下三永,,
73,5491,911,鈴が峰,,
73,5491,912,屋代,,
73,5492,921,鈴が峰,,
73,5492,922,屋代,,
74,4501,002,冠山,,
74,4501,004,鬼ケ城山,,
74,4501,006,米山,,
74,4501,008,巣山,,
74,4501,010,高瀬,,
74,4501,012,仏坂,,
74,4501,014,根越,,
74,4502,001,冠山,,
74,4502,003,鬼ケ城山,,
74,4502,005,米山,,
74,4502,007,巣山,,
74,4502,009,高瀬,,
74,4502,011,仏坂,,
74,4502,013,根越,,
74,4511,102,小瀬,,
74,4511,104,関戸,,
74,4511,106,椿,,
74,4511,108,富海,,
74,4511,110,大平山,,
74,4511,112,天神山,,
74,4511,114,花ケ岳,,
74,4511,116,黒河内山,,
74,4511,118,戸田,,
74,4511,120,中村,,
74,4511,122,若山,,
74,4511,124,嶽山,,
74,4511,126,富岡,,
74,4511,128,桜谷,,
74,4511,130,金剛山,,
74,4511,132,上馬屋,,
74,4511,134,平原,,
74,4511,136,耳取,,
74,4511,138,生野屋第五,,
74,4511,140,生野屋第四,,
74,4511,142,生野屋第三,,
74,4511,144,生野屋第二,,
74,4511,146,生野屋第一,,
74,4511,148,竜ケ岳,,
74,4511,150,欽明路,,
74,4511,152,近延,,
74,4511,154,神之内,,
74,4511,156,御庄,,
74,4511,158,城山,,
74,4512,101,小瀬,,
74,4512,103,関戸,,
74,4512,105,椿,,
74,4512,107,富海,,
74,4512,109,大平山,,
74,4512,111,天神山,,
74,4512,113,花ケ岳,,
74,4512,115,黒河内山,,
74,4512,117,戸田,,
74,4512,119,中村,,
74,4512,121,若山,,
74,4512,123,嶽山,,
74,4512,125,富岡,,
74,4512,127,桜谷,,
74,4512,129,金剛山,,
74,4512,131,上馬屋,,
74,4512,133,平原,,
74,4512,135,耳取,,
74,4512,137,生野屋第五,,
74,4512,139,生野屋第四,,
74,4512,141,生野屋第三,,
74,4512,143,生野屋第二,,
74,4512,145,生野屋第一,,
74,4512,147,竜ケ岳,,
74,4512,149,欽明路,,
74,4512,151,近延,,
74,4512,153,神之内,,
74,4512,155,御庄,,
74,4512,157,城山,,
74,4513,160,霜降山,,
74,4513,162,菩提寺山,,
74,4513,164,有帆,,
74,4514,159,霜降山,,
74,4514,161,菩提寺山,,
74,4514,163,有帆,,
74,5003,001,小郡,,
74,5003,002,高場山,,
74,5004,001,小郡,,
74,5004,002,高場山,,
74,5005,001,大田,,
74,5005,002,中山,,
74,5005,003,長登,,
74,5005,004,鞍掛山,,
74,5006,001,大田,,
74,5006,002,中山,,
74,5006,003,長登,,
74,5006,004,鞍掛山,,
80,4601,010,浦ノ池,,
80,4601,020,水田第一,,
80,4601,030,水田第二,,
80,4601,040,秋月,,
80,4601,050,切幡,,
80,4601,060,金清,,
80,4601,070,太刀野,,
80,4601,080,池田,,
80,4601,090,新山,,
80,4601,100,白地,,
80,4601,105,新境目,,
80,4602,010,浦ノ池,,
80,4602,020,水田第一,,
80,4602,030,水田第二,,
80,4602,040,秋月,,
80,4602,050,切幡,,
80,4602,060,金清,,
80,4602,070,太刀野,,
80,4602,080,池田,,
80,4602,090,新山,,
80,4602,100,白地,,
80,4602,105,新境目,,
80,4611,290,大代古墳,,
80,4611,300,大谷,,
80,4611,410,南唱谷,,
80,4611,420,北唱谷,,
80,4611,430,大坂,,
80,4612,310,南唱谷,,
80,4612,320,北唱谷,,
80,4612,330,大坂,,
80,4612,390,大代古墳,,
80,4612,400,大谷,,
80,5035,110,第一鳴門,,
80,5035,120,第二鳴門,,
80,5035,130,撫養,,
80,5036,210,第一鳴門,,
80,5036,220,第二鳴門,,
80,5036,230,撫養,,
81,4611,109,白鳥,,
81,4611,110,大坂,,
81,4612,209,白鳥,,
81,4612,210,大坂,,
81,4613,103,眉山,,
81,4613,104,魚見山,,
81,4613,105,上之山,,
81,4613,106,鳥越,,
81,4613,107,飯山,,
81,4613,108,国分寺,,
81,4614,203,眉山,,
81,4614,204,魚見山,,
81,4614,205,上之山,,
81,4614,206,鳥越,,
81,4614,207,飯山,,
81,4614,208,国分寺,,
81,4615,111,三木,,
81,4615,112,志度,,
81,4615,113,津田,,
81,4616,211,三木,,
81,4616,212,志度,,
81,4616,213,津田,,
81,5050,111,三木,,
81,5050,112,志度,,
81,5050,113,津田,,
81,5051,211,三木,,
81,5051,212,志度,,
81,5051,213,津田,,
82,4601,201,下川,,
82,4601,203,新境目,,
82,4602,201,下川,,
82,4602,203,新境目,,
82,4603,100,的之尾,,
82,4603,102,船木,,
82,4603,104,生子山,,
82,4603,106,山根,,
82,4603,110,川口,,
82,4603,112,早川,,
82,4603,114,飯岡,,
82,4603,116,八堂山,,
82,4603,118,横山,,
82,4603,120,中野,,
82,4603,122,円山,,
82,4603,124,湯之谷,,
82,4603,126,西田,,
82,4603,128,西泉,,
82,4603,130,妙口,,
82,4603,132,大頭,,
82,4603,134,鞍瀬,,
82,4603,136,臼坂,,
82,4603,138,千羽ケ岳,,
82,4603,140,相之谷,,
82,4603,142,川内,,
82,4603,144,則之内,,
82,4603,147,明神山,,
82,4603,149,黒岩岳,,
82,4603,150,永木,,
82,4603,153,袋口,,
82,4603,155,川中,,
82,4603,157,立山,,
82,4603,159,山口,,
82,4604,101,的之尾,,
82,4604,103,船木,,
82,4604,105,生子山,,
82,4604,107,山根,,
82,4604,109,山田,,
82,4604,111,川口,,
82,4604,113,早川,,
82,4604,115,飯岡,,
82,4604,117,八堂山,,
82,4604,119,横山,,
82,4604,121,中野,,
82,4604,123,円山,,
82,4604,125,湯之谷,,
82,4604,127,西田,,
82,4604,129,西泉,,
82,4604,131,妙口,,
82,4604,133,大頭,,
82,4604,135,鞍瀬,,
82,4604,137,臼坂,,
82,4604,139,千羽ケ岳,,
82,4604,141,相之谷,,
82,4604,143,川内,,
82,4604,145,則之内,,
82,4604,147,明神山,,
82,4604,149,黒岩岳,,
82,4604,151,永木,,
82,4604,153,袋口,,
82,4604,155,川中,,
82,4604,157,立山,,
82,4604,159,山口,,
82,4613,002,鳥越,,
82,4613,004,山田井,,
82,4613,007,法皇,,
82,4613,009,大影,,
82,4613,011,黒田,,
82,4613,012,総野,,
82,4613,015,笹ケ峰,,
82,4613,017,黒木,,
82,4613,019,鳥坂,,
82,4613,021,伊崎,,
82,4613,023,歯長,,
82,4613,025,岩倉,,
82,4613,027,新屋敷,,
82,4613,029,中畑,,
82,4613,031,高光,,
82,4614,003,鳥越,,
82,4614,005,山田井,,
82,4614,007,法皇,,
82,4614,009,大影,,
82,4614,011,黒田,,
82,4614,013,総野,,
82,4614,015,笹ケ峰,,
82,4614,017,黒木,,
82,4614,019,鳥坂,,
82,4614,021,伊崎,,
82,4614,023,歯長,,
82,4614,025,岩倉,,
82,4614,027,新屋敷,,
82,4614,029,中畑,,
82,4614,031,高光,,
82,5003,301,冨士山,,
82,5004,302,冨士山,,
82,5431,705,宮窪,,
82,5431,707,吉海,,
82,5431,709,近見山,,
82,5432,706,宮窪,,
82,5432,708,吉海,,
82,5432,710,近見山,,
82,5433,401,藤江,,
82,5433,403,住吉,,
82,5433,405,坂下津,,
82,5433,407,宮下第２,,
82,5433,409,宮下第１,,
82,5433,411,内屋谷,,
82,5433,413,石丸,,
82,5433,415,祝森,,
82,5433,417,新松尾,,
82,5433,419,近家,,
82,5433,421,岩松,,
82,5434,401,藤江,,
82,5434,403,住吉,,
82,5434,405,坂下津,,
82,5434,407,宮下第２,,
82,5434,409,宮下第１,,
82,5434,411,内屋谷,,
82,5434,413,石丸,,
82,5434,415,祝森,,
82,5434,417,新松尾,,
82,5434,419,近家,,
82,5434,421,岩松,,
83,4613,101,笹ケ峰,,
83,4613,102,苅屋,,
83,4613,103,立川,,
83,4613,104,一の瀬第一,,
83,4613,105,一の瀬第二,,
83,4613,106,一の瀬第三,,
83,4613,117,逢坂山,,
83,4613,118,一宮,,
83,4613,119,薊野,,
83,4613,120,秦東,,
83,4613,121,秦,,
83,4613,122,秦西,,
83,4613,123,宇津野,,
83,4613,124,観月坂,,
83,4613,125,朝倉,,
83,4613,126,針木,,
83,4613,127,八田,,
83,4613,128,よさこい,,
83,4613,129,為貞,,
83,4613,130,成川,,
83,4613,131,細野第一,,
83,4613,132,細野第二,,
83,4613,133,新角谷,,
83,4613,134,焼坂第一,,
83,4613,135,焼坂第二,,
83,4613,136,道の川,,
83,4613,137,川崎,,
83,4613,138,久礼坂,,
83,4613,139,大坂谷,,
83,4613,140,影野,,
83,4613,207,川口,,
83,4613,208,津家,,
83,4613,209,堂々谷,,
83,4613,210,桧生,,
83,4613,211,明神,,
83,4613,212,馬瀬,,
83,4613,213,繁藤,,
83,4613,214,平山,,
83,4613,215,曽我部,,
83,4613,216,岡豊,,
83,4614,101,笹ケ峰,,
83,4614,102,苅屋,,
83,4614,103,立川,,
83,4614,104,一の瀬第一,,
83,4614,105,一の瀬第二,,
83,4614,106,一の瀬第三,,
83,4614,107,川口,,
83,4614,108,津家,,
83,4614,109,堂々谷,,
83,4614,110,桧生,,
83,4614,111,明神,,
83,4614,112,馬瀬,,
83,4614,113,繁藤,,
83,4614,114,平山,,
83,4614,115,曽我部,,
83,4614,116,岡豊,,
83,4614,117,逢坂山,,
83,4614,118,一宮,,
83,4614,119,薊野,,
83,4614,120,秦東,,
83,4614,121,秦,,
83,4614,122,秦西,,
83,4614,123,宇津野,,
83,4614,124,観月坂,,
83,4614,125,朝倉,,
83,4614,126,針木,,
83,4614,127,八田,,
83,4614,128,よさこい,,
83,4614,129,為貞,,
83,4614,133,新角谷,,
83,4614,134,焼坂第一,,
83,4614,135,焼坂第二,,
83,4614,136,道の川,,
83,4614,137,川崎,,
83,4614,138,久礼坂,,
83,4614,139,大坂谷,,
83,4614,140,影野,,
83,5001,301,お馬,,
83,5001,302,新須崎,,
83,5002,301,お馬,,
83,5002,302,新須崎,,
83,5003,303,五台山,,
83,5003,304,稲生,,
83,5004,303,五台山,,
83,5004,304,稲生,,
90,4701,101,高砂,,
90,4701,102,門司,,
90,4701,103,福智山,,
90,4701,104,金剛山,,
90,4701,105,神田,,
90,4702,106,門司,,
90,4702,107,福智山,,
90,4702,108,金剛山,,
90,4702,109,神田,,
90,4713,301,高山,,
90,4713,304,把木,,
90,4714,303,高山,,
90,4714,304,把木,,
90,4717,601,長野,,
90,4717,602,朽綱,,
90,4717,605,光国,,
90,4717,607,南原,,
90,4717,609,新津,,
90,4718,603,長野,,
90,4718,604,朽綱,,
90,4718,606,光国,,
90,4718,608,南原,,
90,4718,610,新津,,
90,4721,611,唐原山城,,
90,4722,612,唐原山城,,
90,4731,201,和布刈,,
90,4731,202,和布刈Ｒ,,
90,4731,203,大久保,,
90,4731,204,山中,,
90,4732,205,和布刈,,
90,4732,206,和布刈Ｒ,,
90,4732,207,大久保,,
90,4732,208,山中,,
90,5067,401,黒川,,
90,5067,402,奥田,,
90,5067,403,大里,,
90,5067,404,鳥越,,
90,5067,405,山路,,
90,5067,406,猪倉,,
90,5067,407,大蔵,,
90,5067,408,大谷,,
90,5067,409,河頭,,
90,5067,420,熊野,,
90,5068,410,春日,,
90,5068,411,黒川,,
90,5068,412,奥田,,
90,5068,413,大里,,
90,5068,414,鳥越,,
90,5068,415,山路,,
90,5068,416,猪倉,,
90,5068,417,大蔵,,
90,5068,418,大谷,,
90,5068,419,河頭,,
90,5068,421,熊野,,
90,5103,501,立花寺北,,
90,5104,551,立花寺北,,
90,5109,511,福大,,
90,5110,512,福大,,
90,5301,701,若戸トンネル　上り,,
90,5302,702,若戸トンネル　下り,,
91,4711,001,城原,,
91,4711,003,小城,,
91,4711,005,馬神,,
91,4711,007,杵島,,
91,4711,009,潮見,,
91,4711,011,うれしの,,
91,4711,013,不動山,,
91,4711,015,俵坂,,
91,4712,002,城原,,
91,4712,004,小城,,
91,4712,006,馬神,,
91,4712,008,杵島,,
91,4712,010,潮見,,
91,4712,012,うれしの,,
91,4712,014,不動山,,
91,4712,016,俵坂,,
92,4711,001,日岳,,
92,4711,003,俵坂,,
92,4711,005,中里,,
92,4711,006,平間,,
92,4711,007,中尾,,
92,4711,008,長崎,,
92,4712,003,俵坂,,
92,4712,004,日岳,,
92,4712,005,中里,,
92,4712,006,平間,,
92,4712,007,中尾,,
92,4712,008,長崎,,
92,5001,001,波佐見,,
92,5001,002,三川内,,
92,5001,003,天神山,,
92,5001,004,弓張,,
92,5002,001,波佐見,,
92,5002,002,三川内,,
92,5002,003,天神山,,
92,5002,004,弓張,,
92,5003,001,東長崎,,
92,5003,002,前岳,,
92,5003,003,川平,,
92,5003,004,西山,,
92,5003,005,浦上,,
92,5004,001,新東長崎,,
92,5004,002,新前岳,,
92,5004,003,川平,,
92,5004,004,西山,,
92,5004,005,浦上,,
92,5005,001,オランダ坂,,
92,5006,001,オランダ坂,,
92,5007,001,貝津,,
92,5007,002,平山貝津,,
92,5007,003,栗面平山,,
92,5008,001,貝津,,
92,5008,002,平山貝津,,
92,5008,003,栗面平山,,
93,4701,001,塚原,,
93,4701,003,大平山,,
93,4701,005,八丁山,,
93,4701,007,段,,
93,4701,009,横石,,
93,4701,011,原女木,,
93,4701,013,生名子,,
93,4701,015,馬廻,,
93,4701,017,上片岩,,
93,4701,019,坊ノ木場,,
93,4701,021,古屋敷,,
93,4701,023,大手木,,
93,4701,025,日光谷,,
93,4701,027,鮎帰,,
93,4701,029,登俣,,
93,4701,031,肥後,,
93,4701,033,白岳第１,,
93,4701,035,白岳第２,,
93,4701,037,万恵第１,,
93,4701,039,万恵第２,,
93,4701,041,小鶴,,
93,4701,043,屋形,,
93,4701,045,柚木河内,,
93,4701,047,淡島,,
93,4701,049,加久藤,,
93,4702,002,塚原,,
93,4702,004,大平山,,
93,4702,006,八丁山,,
93,4702,008,段,,
93,4702,010,横石,,
93,4702,012,原女木,,
93,4702,014,生名子,,
93,4702,016,馬廻,,
93,4702,018,上片岩,,
93,4702,020,坊ノ木場,,
93,4702,022,古屋敷,,
93,4702,024,大手木,,
93,4702,026,日光谷,,
93,4702,028,鮎帰,,
93,4702,030,登俣,,
93,4702,032,肥後,,
93,4702,034,白岳第１,,
93,4702,036,白岳第２,,
93,4702,038,万恵第１,,
93,4702,040,万恵第２,,
93,4702,042,小鶴,,
93,4702,044,屋形,,
93,4702,046,柚木河内,,
93,4702,048,淡島,,
93,4702,050,加久藤,,
93,4715,101,高木,,
93,4715,103,鶴山谷,,
93,4715,105,大平,,
93,4715,107,河内,,
93,4715,109,田代第一,,
93,4715,111,田代第二,,
93,4716,102,高木,,
93,4716,104,鶴山谷,,
93,4716,106,大平,,
93,4716,108,河内,,
93,4716,110,田代第一,,
93,4716,112,田代第二,,
93,5000,001,妙見,,
93,5000,002,古麓第一,,
93,5000,003,古麓第二,,
93,5000,004,二見,,
93,5000,005,新赤松,,
93,5000,006,新佐敷,,
93,5000,007,乙千屋,,
93,5000,008,花岡,,
93,5000,009,湯治,,
93,5000,010,湯浦,,
93,5000,011,新津奈木,,
93,5000,012,小津奈木,,
93,5001,001,妙見,,
93,5001,002,古麓第一,,
93,5001,003,古麓第二,,
93,5001,004,二見,,
93,5001,005,新赤松,,
93,5001,006,新佐敷,,
93,5001,007,乙千屋,,
93,5001,008,花岡,,
93,5001,009,湯治,,
93,5001,010,湯浦,,
93,5001,011,新津奈木,,
93,5001,012,小津奈木,,
94,4713,001,萩尾,,
94,4713,004,代太郎,,
94,4713,005,岩室,,
94,4713,006,水分,,
94,4713,007,福万山,,
94,4713,032,名里,,
94,4713,033,鷹栖,,
94,4713,038,扇山,,
94,4713,039,乙原,,
94,4713,040,向ヶ平,,
94,4713,041,隠山,,
94,4713,042,鳥越,,
94,4713,043,挟間,,
94,4714,001,萩尾,,
94,4714,004,代太郎,,
94,4714,005,岩室,,
94,4714,006,水分,,
94,4714,007,福万山,,
94,4714,008,扇山,,
94,4714,009,乙原,,
94,4714,010,向ヶ平,,
94,4714,011,隠山,,
94,4714,012,鳥越,,
94,4714,013,挟間,,
94,4714,032,名里,,
94,4714,033,鷹栖,,
94,4721,026,中津,,
94,4721,027,今仁,,
94,4721,028,赤尾第１,,
94,4721,029,赤尾第２,,
94,4721,030,赤尾第３,,
94,4721,045,九六位,,
94,4721,046,臼杵,,
94,4721,047,臼津,,
94,4721,052,津久見,,
94,4721,053,西ノ内,,
94,4721,054,尺間山,,
94,4721,055,床木,,
94,4721,056,上岡,,
94,4721,057,佐伯,,
94,4721,058,大長瀬,,
94,4721,059,谷川,,
94,4721,060,山口第一,,
94,4721,061,山口第二,,
94,4721,062,山口三軒屋,,
94,4721,063,山口下孫四郎,,
94,4721,064,野々河内,,
94,4721,065,森崎,,
94,4721,066,丸市尾,,
94,4721,067,浦之迫,,
94,4721,068,葛原,,
94,4721,069,陣が峰,,
94,4722,015,九六位,,
94,4722,016,臼杵,,
94,4722,017,臼津,,
94,4722,022,津久見,,
94,4722,023,西ノ内,,
94,4722,024,尺間山,,
94,4722,025,床木,,
94,4722,070,上岡,,
94,4722,071,佐伯,,
94,4722,072,大長瀬,,
94,4722,073,谷川,,
94,4722,074,山口第一,,
94,4722,075,山口第二,,
94,4722,076,山口三軒屋,,
94,4722,077,山口下孫四郎,,
94,4722,078,野々河内,,
94,4722,079,森崎,,
94,4722,080,丸市尾,,
94,4722,081,浦之迫,,
94,4722,082,葛原,,
94,4722,083,陣が峰,,
94,4722,085,中津,,
94,4722,086,今仁,,
94,4722,087,赤尾第１,,
94,4722,088,赤尾第２,,
94,4722,089,赤尾第３,,
94,5000,014,香下,,
94,5001,014,香下,,
94,5004,048,南端,,
94,5004,049,豊岡第二,,
94,5004,050,法花寺第一,,
94,5004,051,法花寺第二,,
94,5005,018,南端,,
94,5005,019,豊岡第二,,
94,5005,020,法花寺第一,,
94,5005,021,法花寺第二,,
94,5011,090,城山,,
94,5011,092,西抹,,
94,5011,094,田口,,
94,5012,091,城山,,
94,5012,093,西抹,,
94,5012,095,田口,,
95,4701,005,加久藤,,
95,4702,006,加久藤,,
95,4703,001,天神,,
95,4703,003,片井野,,
95,4704,002,天神,,
95,4704,004,片井野,,
95,4723,004,陣が峰,,
95,4723,005,北浦,,
95,4723,006,熊野江第一,,
95,4723,007,熊野江第二,,
95,4723,008,須美江,,
95,4723,009,家田小麦山,,
95,4723,010,家田,,
95,4723,011,門川第一,,
95,4723,012,門川第二,,
95,4723,013,日向第一,,
95,4723,014,日向第二,,
95,4723,015,富高第一,,
95,4723,016,富高第二,,
95,4723,017,比良山,,
95,4723,018,平岩第一,,
95,4723,019,平岩第二,,
95,4723,020,幸脇,,
95,4723,021,鹿場第一,,
95,4723,022,鹿場第二,,
95,4723,023,落鹿,,
95,4723,024,丸目,,
95,4723,025,芳ノ元,,
95,4723,026,丸平,,
95,4723,027,椿山,,
95,4723,028,山仮屋,,
95,4723,029,猪八重,,
95,4723,030,二之河内,,
95,4723,031,寺山第一,,
95,4723,032,寺山第二,,
95,4723,033,寺山第三,,
95,4723,034,年見第一,,
95,4723,035,年見第二,,
95,4724,004,陣が峰,,
95,4724,005,北浦,,
95,4724,006,熊野江第一,,
95,4724,007,熊野江第二,,
95,4724,008,須美江,,
95,4724,009,家田小麦山,,
95,4724,010,家田,,
95,4724,011,門川第一,,
95,4724,012,門川第二,,
95,4724,013,日向第一,,
95,4724,014,日向第二,,
95,4724,015,富高第一,,
95,4724,016,富高第二,,
95,4724,017,比良山,,
95,4724,018,平岩第一,,
95,4724,019,平岩第二,,
95,4724,020,幸脇,,
95,4724,021,鹿場第一,,
95,4724,022,鹿場第二,,
95,4724,023,落鹿,,
95,4724,024,丸目,,
95,4724,025,芳ノ元,,
95,4724,026,丸平,,
95,4724,027,椿山,,
95,4724,028,山仮屋,,
95,4724,029,猪八重,,
95,4724,030,二之河内,,
95,4724,031,寺山第一,,
95,4724,032,寺山第二,,
95,4724,033,寺山第三,,
95,4724,034,年見第一,,
95,4724,035,年見第二,,
95,5011,021,土々呂,,
95,5011,022,加草,,
95,5012,021,土々呂,,
95,5012,022,加草,,
95,5021,023,北川,,
95,5021,024,的野,,
95,5021,025,須佐,,
95,5021,026,差木野,,
95,5021,027,大峡,,
95,5021,028,桜ヶ丘,,
95,5021,029,祝子,,
95,5021,030,新宇和田,,
95,5021,031,三須,,
95,5021,032,寺畑谷第一,,
95,5021,033,寺畑谷第二,,
95,5021,034,屋敷内第一,,
95,5021,035,屋敷内第二,,
95,5021,036,石田,,
95,5022,023,北川,,
95,5022,024,的野,,
95,5022,025,須佐,,
95,5022,026,差木野,,
95,5022,027,大峡,,
95,5022,028,桜ヶ丘,,
95,5022,029,祝子,,
95,5022,030,新宇和田,,
95,5022,031,三須,,
95,5022,032,寺畑谷第一,,
95,5022,033,寺畑谷第二,,
95,5022,034,屋敷内第一,,
95,5022,035,屋敷内第二,,
95,5022,036,石田,,
95,5031,098,蔵田,,
95,5031,099,駄小屋,,
95,5031,100,久保山,,
95,5031,101,曽木,,
95,5031,102,岡元,,
95,5031,103,小川,,
95,5031,104,高野,,
95,5032,098,蔵田,,
95,5032,099,駄小屋,,
95,5032,100,久保山,,
95,5032,101,曽木,,
95,5032,102,岡元,,
95,5032,103,小川,,
95,5032,104,高野,,
96,4701,111,木原,,
96,4701,113,小野,,
96,4701,115,田上,,
96,4702,112,木原,,
96,4702,114,小野,,
96,4702,116,田上,,
96,4725,127,蓑掛,,
96,4725,129,薄木,,
96,4725,131,上野原,,
96,4726,128,蓑掛,,
96,4726,130,薄木,,
96,4726,132,上野原,,
96,5001,117,細田口,,
96,5001,133,大里,,
96,5001,135,金山,,
96,5001,137,都,,
96,5001,140,宮里,,
96,5002,118,細田口,,
96,5002,134,大里,,
96,5002,136,金山,,
96,5002,138,都,,
96,5002,141,宮里,,
96,5005,119,西陵,,
96,5005,121,広木,,
96,5005,123,山田,,
96,5006,120,西陵,,
96,5006,122,広木,,
96,5006,124,山田,,
96,5007,125,野久美田,,
96,5008,126,野久美田,,
96,5009,139,新武岡,,
97,4741,001,喜舎場,,
97,4742,002,喜舎場,,
97,5001,001,豊見城,,
97,5002,002,豊見城,,
